{
  "gitSyncId": "66ebb00d73f83b5809d9d9a4_def788bc-8f86-40c5-9a4f-0a1e8e0db687",
  "id": "ApprovalList(foradmins)_fetchCommunityID",
  "pluginId": "postgres-plugin",
  "pluginType": "DB",
  "unpublishedAction": {
    "actionConfiguration": {
      "body": "SELECT community_member_id FROM memberships where membership_id = {{this.params.membership_id}}",
      "encodeParamsToggle": true,
      "paginationType": "NONE",
      "pluginSpecifiedTemplates": [
        {
          "value": true
        }
      ],
      "timeoutInMillisecond": 10000
    },
    "confirmBeforeExecute": false,
    "datasource": {
      "id": "Community Portal Database",
      "isAutoGenerated": false,
      "name": "Community Portal Database",
      "pluginId": "postgres-plugin"
    },
    "dynamicBindingPathList": [
      {
        "key": "body"
      }
    ],
    "executeOnLoad": false,
    "name": "fetchCommunityID",
    "pageId": "ApprovalList(foradmins)",
    "userSetOnLoad": false
  }
}