{
  "gitSyncId": "670e3e4173f83b5809d9e7c2_8fd68994-0327-4b79-8984-41739479d733",
  "id": "AddNewInstitutionPage_addInstitutionJSObject.removeAlerts",
  "pluginId": "js-plugin",
  "pluginType": "JS",
  "unpublishedAction": {
    "actionConfiguration": {
      "encodeParamsToggle": true,
      "jsArguments": [],
      "paginationType": "NONE",
      "timeoutInMillisecond": 10000
    },
    "collectionId": "AddNewInstitutionPage_addInstitutionJSObject",
    "confirmBeforeExecute": false,
    "datasource": {
      "isAutoGenerated": false,
      "name": "UNUSED_DATASOURCE",
      "pluginId": "js-plugin"
    },
    "dynamicBindingPathList": [
      {
        "key": "body"
      }
    ],
    "executeOnLoad": false,
    "fullyQualifiedName": "addInstitutionJSObject.removeAlerts",
    "name": "removeAlerts",
    "pageId": "AddNewInstitutionPage",
    "userSetOnLoad": false
  }
}