{
  "gitSyncId": "66ebb00d73f83b5809d9d9a4_365789bd-8416-4a3e-bc2d-3f6cc18594c3",
  "id": "ApprovalList(foradmins)_usersJSObject.usersData",
  "pluginId": "js-plugin",
  "pluginType": "JS",
  "unpublishedAction": {
    "actionConfiguration": {
      "encodeParamsToggle": true,
      "jsArguments": [],
      "paginationType": "NONE",
      "timeoutInMillisecond": 10000
    },
    "collectionId": "ApprovalList(foradmins)_usersJSObject",
    "confirmBeforeExecute": false,
    "datasource": {
      "isAutoGenerated": false,
      "name": "UNUSED_DATASOURCE",
      "pluginId": "js-plugin"
    },
    "dynamicBindingPathList": [
      {
        "key": "body"
      }
    ],
    "executeOnLoad": true,
    "fullyQualifiedName": "usersJSObject.usersData",
    "name": "usersData",
    "pageId": "ApprovalList(foradmins)",
    "userSetOnLoad": false
  }
}