{
  "gitSyncId": "66e1b24a73f83b5809d9d6b5_8137969e-ec61-4dd5-b490-69b209f2bc49",
  "unpublishedPage": {
    "isHidden": false,
    "layouts": [
      {
        "dsl": {
          "backgroundColor": "none",
          "bottomRow": 650,
          "canExtend": true,
          "containerStyle": "none",
          "detachFromLayout": true,
          "dynamicBindingPathList": [],
          "dynamicTriggerPathList": [],
          "leftColumn": 0,
          "minHeight": 850,
          "parentColumnSpace": 1,
          "parentRowSpace": 1,
          "rightColumn": 1160,
          "snapColumns": 64,
          "snapRows": 104,
          "topRow": 0,
          "type": "CANVAS_WIDGET",
          "version": 89,
          "widgetId": "0",
          "widgetName": "MainContainer"
        }
      }
    ],
    "name": "AdminPanelPage",
    "slug": "adminpanelpage"
  }
}