{
  "gitSyncId": "66ebb00d73f83b5809d9d9a4_2cd8e202-92c7-47a9-ba5a-90442532d685",
  "id": "EditMemberProfilePage_deleteWorkexs",
  "pluginId": "postgres-plugin",
  "pluginType": "DB",
  "unpublishedAction": {
    "actionConfiguration": {
      "body": "DELETE FROM work_experience\nWHERE profile_id = {{getUserJSObject.userData.data.user.profile_id}};",
      "encodeParamsToggle": true,
      "paginationType": "NONE",
      "pluginSpecifiedTemplates": [
        {
          "value": true
        }
      ],
      "timeoutInMillisecond": 10000
    },
    "confirmBeforeExecute": false,
    "datasource": {
      "id": "Community Portal Database",
      "isAutoGenerated": false,
      "name": "Community Portal Database",
      "pluginId": "postgres-plugin"
    },
    "dynamicBindingPathList": [
      {
        "key": "body"
      }
    ],
    "executeOnLoad": false,
    "name": "deleteWorkexs",
    "pageId": "EditMemberProfilePage",
    "userSetOnLoad": false
  }
}