{
  "gitSyncId": "6715e2bb73f83b5809d9ebd1_411ea381-5468-45c0-8d75-1e13b2d46cf2",
  "unpublishedPage": {
    "isHidden": false,
    "layouts": [
      {
        "dsl": {
          "backgroundColor": "none",
          "bottomRow": 970,
          "canExtend": true,
          "containerStyle": "none",
          "detachFromLayout": true,
          "dynamicBindingPathList": [],
          "dynamicTriggerPathList": [],
          "leftColumn": 0,
          "minHeight": 850,
          "parentColumnSpace": 1,
          "parentRowSpace": 1,
          "rightColumn": 1160,
          "snapColumns": 64,
          "snapRows": 104,
          "topRow": 0,
          "type": "CANVAS_WIDGET",
          "version": 89,
          "widgetId": "0",
          "widgetName": "MainContainer"
        }
      }
    ],
    "name": "AfterActivationLinkLandingPage",
    "slug": "afteractivationlinklandingpage"
  }
}