{
  "gitSyncId": "67036dee73f83b5809d9e299_8d67261c-efb9-488e-96d1-0af15cbbcf80",
  "id": "ComapniesPage_organizationsJSObject.getOrganizations",
  "pluginId": "js-plugin",
  "pluginType": "JS",
  "unpublishedAction": {
    "actionConfiguration": {
      "encodeParamsToggle": true,
      "jsArguments": [],
      "paginationType": "NONE",
      "timeoutInMillisecond": 10000
    },
    "collectionId": "ComapniesPage_organizationsJSObject",
    "confirmBeforeExecute": false,
    "datasource": {
      "isAutoGenerated": false,
      "name": "UNUSED_DATASOURCE",
      "pluginId": "js-plugin"
    },
    "dynamicBindingPathList": [
      {
        "key": "body"
      }
    ],
    "executeOnLoad": true,
    "fullyQualifiedName": "organizationsJSObject.getOrganizations",
    "name": "getOrganizations",
    "pageId": "ComapniesPage",
    "userSetOnLoad": false
  }
}