{
  "gitSyncId": "66ebb00d73f83b5809d9d9a4_1da31627-0020-4af8-9de9-2c143c7abf10",
  "id": "EditProfilePage_fetchNewInstitution",
  "pluginId": "postgres-plugin",
  "pluginType": "DB",
  "unpublishedAction": {
    "actionConfiguration": {
      "body": "SELECT * FROM institutions where name = {{this.params.institution_name}};",
      "encodeParamsToggle": true,
      "paginationType": "NONE",
      "pluginSpecifiedTemplates": [
        {
          "value": true
        }
      ],
      "timeoutInMillisecond": 10000
    },
    "confirmBeforeExecute": false,
    "datasource": {
      "id": "Community Portal Database",
      "isAutoGenerated": false,
      "name": "Community Portal Database",
      "pluginId": "postgres-plugin"
    },
    "dynamicBindingPathList": [
      {
        "key": "body"
      }
    ],
    "executeOnLoad": false,
    "name": "fetchNewInstitution",
    "pageId": "EditProfilePage",
    "userSetOnLoad": false
  }
}