{
  "gitSyncId": "66f4e75573f83b5809d9de24_6afcd491-de4c-4c4f-921d-2f16efb7ee8a",
  "id": "FindMyConnectPage_fetch_educations",
  "pluginId": "postgres-plugin",
  "pluginType": "DB",
  "unpublishedAction": {
    "actionConfiguration": {
      "body": "SELECT * \nFROM education_details \nWHERE (\n    ({{this.params.selected_uni}} = -1 AND institution_id = ANY({{this.params.institutionList}}))\n    OR institution_id = {{this.params.selected_uni}}\n);\n",
      "encodeParamsToggle": true,
      "paginationType": "NONE",
      "pluginSpecifiedTemplates": [
        {
          "value": true
        }
      ],
      "timeoutInMillisecond": 10000
    },
    "confirmBeforeExecute": false,
    "datasource": {
      "id": "Community Portal Database",
      "isAutoGenerated": false,
      "name": "Community Portal Database",
      "pluginId": "postgres-plugin"
    },
    "dynamicBindingPathList": [
      {
        "key": "body"
      }
    ],
    "executeOnLoad": false,
    "name": "fetch_educations",
    "pageId": "FindMyConnectPage",
    "userSetOnLoad": false
  }
}