{
  "animateLoading": true,
  "borderRadius": "{{appsmith.theme.borderRadius.appBorderRadius}}",
  "bottomRow": 5,
  "displayName": "Text",
  "dynamicBindingPathList": [
    {
      "key": "truncateButtonColor"
    },
    {
      "key": "fontFamily"
    },
    {
      "key": "borderRadius"
    }
  ],
  "dynamicHeight": "AUTO_HEIGHT",
  "dynamicTriggerPathList": [],
  "fontFamily": "{{appsmith.theme.fontFamily.appFont}}",
  "fontSize": "1.25rem",
  "fontStyle": "BOLD",
  "hideCard": false,
  "iconSVG": "/static/media/icon.301748e14b0306a7b94ece2d9e2c11cc.svg",
  "isDeprecated": false,
  "isLoading": false,
  "isVisible": true,
  "key": "fautc68j4f",
  "leftColumn": 1,
  "maxDynamicHeight": 9000,
  "minDynamicHeight": 4,
  "minWidth": 450,
  "mobileBottomRow": 5,
  "mobileLeftColumn": 1,
  "mobileRightColumn": 41,
  "mobileTopRow": 1,
  "needsErrorInfo": false,
  "onCanvasUI": {
    "disableParentSelection": false,
    "focusBGCSSVar": "--on-canvas-ui-widget-focus",
    "focusColorCSSVar": "--on-canvas-ui-widget-selection",
    "selectionBGCSSVar": "--on-canvas-ui-widget-selection",
    "selectionColorCSSVar": "--on-canvas-ui-widget-focus"
  },
  "overflow": "NONE",
  "parentId": "z0egg0qvjc",
  "renderMode": "CANVAS",
  "responsiveBehavior": "fill",
  "rightColumn": 41,
  "searchTags": [
    "typography",
    "paragraph",
    "label"
  ],
  "shouldTruncate": false,
  "tags": [
    "Suggested",
    "Content"
  ],
  "text": "Successful",
  "textAlign": "LEFT",
  "textColor": "#231F20",
  "thumbnailSVG": "/static/media/thumbnail.0c129b82c9b3e4cd4920563b289659ab.svg",
  "topRow": 1,
  "truncateButtonColor": "{{appsmith.theme.colors.primaryColor}}",
  "type": "TEXT_WIDGET",
  "version": 1,
  "widgetId": "k38audacba",
  "widgetName": "Text43"
}