{
  "gitSyncId": "66ebb00d73f83b5809d9d9a4_7b925c08-1705-4b6b-9b77-8afefc1d244e",
  "id": "EditProfilePage_addExperience",
  "pluginId": "postgres-plugin",
  "pluginType": "DB",
  "unpublishedAction": {
    "actionConfiguration": {
      "body": "INSERT INTO work_experience (profile_id, organization_id, position, start_date, end_date, skills, type, currently_working)\nVALUES ({{this.params.user_id}}, {{this.params.organization_id}}, {{this.params.position}}, {{this.params.start_date}}, {{this.params.end_date}}, {{this.params.skills}}, {{this.params.type}}, {{this.params.currently_working}});\n",
      "encodeParamsToggle": true,
      "paginationType": "NONE",
      "pluginSpecifiedTemplates": [
        {
          "value": true
        }
      ],
      "timeoutInMillisecond": 10000
    },
    "confirmBeforeExecute": false,
    "datasource": {
      "id": "Community Portal Database",
      "isAutoGenerated": false,
      "name": "Community Portal Database",
      "pluginId": "postgres-plugin"
    },
    "dynamicBindingPathList": [
      {
        "key": "body"
      }
    ],
    "executeOnLoad": false,
    "name": "addExperience",
    "pageId": "EditProfilePage",
    "userSetOnLoad": false
  }
}