{
  "gitSyncId": "66f4e75573f83b5809d9de24_ca3bfa5a-1116-461f-b59e-74f1bd1d98e2",
  "id": "FindMyConnectPage_fetch_organizations",
  "pluginId": "postgres-plugin",
  "pluginType": "DB",
  "unpublishedAction": {
    "actionConfiguration": {
      "body": "SELECT * FROM organizations where institution_id ISNULL;",
      "encodeParamsToggle": true,
      "paginationType": "NONE",
      "pluginSpecifiedTemplates": [
        {
          "value": true
        }
      ],
      "timeoutInMillisecond": 10000
    },
    "confirmBeforeExecute": false,
    "datasource": {
      "id": "Community Portal Database",
      "isAutoGenerated": false,
      "name": "Community Portal Database",
      "pluginId": "postgres-plugin"
    },
    "dynamicBindingPathList": [],
    "executeOnLoad": true,
    "name": "fetch_organizations",
    "pageId": "FindMyConnectPage",
    "userSetOnLoad": false
  }
}