{
  "gitSyncId": "66f4e75573f83b5809d9de24_10d67316-1423-4fae-806c-b33423ee392e",
  "id": "AddNewInstitutionPage_addInstitution",
  "pluginId": "postgres-plugin",
  "pluginType": "DB",
  "unpublishedAction": {
    "actionConfiguration": {
      "body": "INSERT INTO institutions (\n    image, \n    name, \n    phone_number, \n    email, \n    address, \n    description, \n    status\n)\nVALUES (\n    {{inp_image.model.image ? inp_image.model.image : NaN }}, \n    '{{inp_name.text.replace(new RegExp(\"'\", \"gm\"), \"''\")}}', \n    '{{inp_phone.text.replace(new RegExp(\"'\", \"gm\"), \"''\")}}', \n    '{{inp_email.text.replace(new RegExp(\"'\", \"gm\"), \"''\")}}', \n    '{{inp_address.text.replace(new RegExp(\"'\", \"gm\"), \"''\")}}', \n    {{inp_about ? `'${inp_about.text.replace(new RegExp(\"'\", \"gm\"), \"''\")}'` : NaN}}, \n    'new'\n)\nRETURNING institution_id;\n",
      "encodeParamsToggle": true,
      "paginationType": "NONE",
      "pluginSpecifiedTemplates": [
        {
          "value": true
        }
      ],
      "timeoutInMillisecond": 10000
    },
    "confirmBeforeExecute": false,
    "datasource": {
      "id": "Community Portal Database",
      "isAutoGenerated": false,
      "name": "Community Portal Database",
      "pluginId": "postgres-plugin"
    },
    "dynamicBindingPathList": [
      {
        "key": "body"
      }
    ],
    "executeOnLoad": false,
    "name": "addInstitution",
    "pageId": "AddNewInstitutionPage",
    "userSetOnLoad": false
  }
}