{
  "gitSyncId": "66f4e75573f83b5809d9de24_2d8570aa-4f44-4ce1-988c-beb43ff200c1",
  "id": "EditOrganizationPage_fetchInstitutions",
  "pluginId": "postgres-plugin",
  "pluginType": "DB",
  "unpublishedAction": {
    "actionConfiguration": {
      "body": "SELECT * FROM institutions;",
      "encodeParamsToggle": true,
      "paginationType": "NONE",
      "pluginSpecifiedTemplates": [
        {
          "value": true
        }
      ],
      "timeoutInMillisecond": 10000
    },
    "confirmBeforeExecute": false,
    "datasource": {
      "id": "Community Portal Database",
      "isAutoGenerated": false,
      "name": "Community Portal Database",
      "pluginId": "postgres-plugin"
    },
    "dynamicBindingPathList": [],
    "executeOnLoad": true,
    "name": "fetchInstitutions",
    "pageId": "EditOrganizationPage",
    "userSetOnLoad": false
  }
}