{
  "animateLoading": true,
  "borderRadius": "0.375rem",
  "bottomRow": 36,
  "boxShadow": "none",
  "buttonColor": "#1e1e1e",
  "buttonStyle": "PRIMARY",
  "buttonVariant": "PRIMARY",
  "disabledWhenInvalid": false,
  "dynamicBindingPathList": [
    {
      "key": "isVisible"
    }
  ],
  "dynamicPropertyPathList": [
    {
      "key": "isVisible"
    }
  ],
  "dynamicTriggerPathList": [
    {
      "key": "onClick"
    }
  ],
  "isDefaultClickDisabled": true,
  "isDisabled": false,
  "isLoading": false,
  "isVisible": "{{isInstitute.isSwitchedOn ? isInstitute.isSwitchedOn : 'false'}}",
  "key": "pjwm3u1rie",
  "leftColumn": 56,
  "minWidth": 120,
  "mobileBottomRow": 22,
  "mobileLeftColumn": 31,
  "mobileRightColumn": 47,
  "mobileTopRow": 18,
  "needsErrorInfo": false,
  "onClick": "{{navigateTo('AddNewInstitutionPage', {\n \"organization\" : appsmith.URL.queryParams.organization\n}, 'SAME_WINDOW');}}",
  "originalBottomRow": 36,
  "originalTopRow": 32,
  "parentId": "x49b04gzbp",
  "placement": "CENTER",
  "recaptchaType": "V3",
  "renderMode": "CANVAS",
  "resetFormOnClick": false,
  "responsiveBehavior": "hug",
  "rightColumn": 63,
  "text": "Create New",
  "topRow": 32,
  "type": "BUTTON_WIDGET",
  "version": 1,
  "widgetId": "833bwt1eqp",
  "widgetName": "Button6"
}