{
  "accentColor": "{{appsmith.theme.colors.primaryColor}}",
  "animateLoading": true,
  "autoFocus": false,
  "borderRadius": "0.375rem",
  "bottomRow": 64,
  "boxShadow": "none",
  "defaultText": "{{organizationJSObject.organizationData.data.organization.description ? organizationJSObject.organizationData.data.organization.description : ''}}",
  "displayName": "Input",
  "dynamicBindingPathList": [
    {
      "key": "accentColor"
    },
    {
      "key": "defaultText"
    }
  ],
  "dynamicHeight": "AUTO_HEIGHT",
  "dynamicTriggerPathList": [],
  "hideCard": false,
  "iconAlign": "left",
  "iconSVG": "/static/media/icon.9f505595da61a34f563dba82adeb06ec.svg",
  "inputType": "MULTI_LINE_TEXT",
  "isDeprecated": false,
  "isDisabled": false,
  "isLoading": false,
  "isRequired": false,
  "isVisible": true,
  "key": "j65kqedbz9",
  "label": "Description ",
  "labelAlignment": "left",
  "labelPosition": "Top",
  "labelStyle": "BOLD",
  "labelTextSize": "1rem",
  "labelWidth": 5,
  "leftColumn": 1,
  "maxDynamicHeight": 9000,
  "minDynamicHeight": 4,
  "originalBottomRow": 64,
  "originalTopRow": 53,
  "parentColumnSpace": 12.0732421875,
  "parentId": "x49b04gzbp",
  "parentRowSpace": 10,
  "placeholderText": "Write something about institution",
  "renderMode": "CANVAS",
  "resetOnSubmit": true,
  "rightColumn": 63,
  "searchTags": [
    "form",
    "text input",
    "number",
    "textarea"
  ],
  "shouldAllowAutofill": false,
  "showStepArrows": false,
  "topRow": 53,
  "type": "INPUT_WIDGET_V2",
  "version": 2,
  "widgetId": "eryfw6w75d",
  "widgetName": "inp_about"
}