{
  "accentColor": "{{appsmith.theme.colors.primaryColor}}",
  "animateLoading": true,
  "borderRadius": "0.375rem",
  "bottomRow": 37,
  "boxShadow": "none",
  "defaultOptionValue": "{{ ((options, serverSideFiltering) => (  organizationJSObject.organizationData.data.organization.institution_id ? \n    organizationJSObject.organizationData.data.organization.institution_id : \n    (appsmith.URL.queryParams.institution ? parseInt(appsmith.URL.queryParams.institution) : '') ))(inp_institute.options, inp_institute.serverSideFiltering) }}",
  "dynamicBindingPathList": [
    {
      "key": "accentColor"
    },
    {
      "key": "sourceData"
    },
    {
      "key": "isVisible"
    },
    {
      "key": "defaultOptionValue"
    }
  ],
  "dynamicHeight": "FIXED",
  "dynamicPropertyPathList": [
    {
      "key": "sourceData"
    },
    {
      "key": "isVisible"
    }
  ],
  "dynamicTriggerPathList": [],
  "isDisabled": false,
  "isFilterable": true,
  "isLoading": false,
  "isRequired": false,
  "isVisible": "{{isInstitute.isSwitchedOn ? isInstitute.isSwitchedOn : 'false'}}",
  "key": "cn6ns40lt3",
  "labelAlignment": "left",
  "labelPosition": "Top",
  "labelStyle": "BOLD",
  "labelText": "Select Existing Institution",
  "labelTextColor": "",
  "labelTextSize": "1rem",
  "labelWidth": 5,
  "leftColumn": 1,
  "maxDynamicHeight": 9000,
  "minDynamicHeight": 4,
  "minWidth": 450,
  "mobileBottomRow": 43,
  "mobileLeftColumn": 9,
  "mobileRightColumn": 29,
  "mobileTopRow": 36,
  "needsErrorInfo": false,
  "optionLabel": "name",
  "optionValue": "institution_id",
  "originalBottomRow": 57,
  "originalTopRow": 49,
  "parentColumnSpace": 18.880859375,
  "parentId": "x49b04gzbp",
  "parentRowSpace": 10,
  "placeholderText": "Select institution",
  "renderMode": "CANVAS",
  "responsiveBehavior": "fill",
  "rightColumn": 55,
  "serverSideFiltering": false,
  "sourceData": "{{fetchInstitutions.data}}",
  "topRow": 29,
  "type": "SELECT_WIDGET",
  "version": 1,
  "widgetId": "vkv7pixdqc",
  "widgetName": "inp_institute"
}