{
  "animateLoading": true,
  "borderRadius": "0.375rem",
  "bottomRow": 74,
  "boxShadow": "none",
  "buttonColor": "#ffc404",
  "buttonVariant": "PRIMARY",
  "disabledWhenInvalid": false,
  "displayName": "Button",
  "dynamicBindingPathList": [],
  "dynamicTriggerPathList": [
    {
      "key": "onClick"
    }
  ],
  "hideCard": false,
  "iconSVG": "https://appcdn.appsmith.com/static/media/icon.7beb9123fb53027d9d6b778cdfe4caed.svg",
  "isDefaultClickDisabled": true,
  "isDeprecated": false,
  "isDisabled": false,
  "isLoading": false,
  "isVisible": true,
  "key": "wvi3t76jwl",
  "leftColumn": 25,
  "minWidth": 120,
  "mobileBottomRow": 62,
  "mobileLeftColumn": 18,
  "mobileRightColumn": 34,
  "mobileTopRow": 58,
  "onClick": "{{updateOrganizationJSObject.updateOrganization()}}",
  "originalBottomRow": 74,
  "originalTopRow": 70,
  "parentColumnSpace": 17.064453125,
  "parentId": "x49b04gzbp",
  "parentRowSpace": 10,
  "placement": "CENTER",
  "recaptchaType": "V3",
  "renderMode": "CANVAS",
  "resetFormOnClick": false,
  "responsiveBehavior": "hug",
  "rightColumn": 41,
  "searchTags": [
    "click",
    "submit"
  ],
  "text": "Update Organization",
  "topRow": 70,
  "type": "BUTTON_WIDGET",
  "version": 1,
  "widgetId": "ld4zyh73ik",
  "widgetName": "login"
}