{
  "gitSyncId": "66f4e75573f83b5809d9de24_7824a4f4-d23c-4aab-a02d-1a243e11b3a2",
  "id": "EditInstitutionPage_institutionJSObject.institutionData",
  "pluginId": "js-plugin",
  "pluginType": "JS",
  "unpublishedAction": {
    "actionConfiguration": {
      "encodeParamsToggle": true,
      "jsArguments": [],
      "paginationType": "NONE",
      "timeoutInMillisecond": 10000
    },
    "clientSideExecution": true,
    "collectionId": "EditInstitutionPage_institutionJSObject",
    "confirmBeforeExecute": false,
    "datasource": {
      "isAutoGenerated": false,
      "name": "UNUSED_DATASOURCE",
      "pluginId": "js-plugin"
    },
    "dynamicBindingPathList": [
      {
        "key": "body"
      }
    ],
    "executeOnLoad": true,
    "fullyQualifiedName": "institutionJSObject.institutionData",
    "name": "institutionData",
    "pageId": "EditInstitutionPage",
    "userSetOnLoad": false
  }
}