{
  "gitSyncId": "670e3e4173f83b5809d9e7c2_b0dd646e-d781-42f3-b489-63dfa53b86ce",
  "id": "EditMemberProfilePage_addEducationAndExperience.removeAlerts",
  "pluginId": "js-plugin",
  "pluginType": "JS",
  "unpublishedAction": {
    "actionConfiguration": {
      "encodeParamsToggle": true,
      "jsArguments": [
        {
          "name": "alert_name"
        }
      ],
      "paginationType": "NONE",
      "timeoutInMillisecond": 10000
    },
    "collectionId": "EditMemberProfilePage_addEducationAndExperience",
    "confirmBeforeExecute": false,
    "datasource": {
      "isAutoGenerated": false,
      "name": "UNUSED_DATASOURCE",
      "pluginId": "js-plugin"
    },
    "dynamicBindingPathList": [
      {
        "key": "body"
      }
    ],
    "executeOnLoad": false,
    "fullyQualifiedName": "addEducationAndExperience.removeAlerts",
    "name": "removeAlerts",
    "pageId": "EditMemberProfilePage",
    "userSetOnLoad": false
  }
}