{
  "accentColor": "{{appsmith.theme.colors.primaryColor}}",
  "additionalStaticProps": [
    "level",
    "levelData",
    "prefixMetaWidgetId",
    "metaWidgetId"
  ],
  "animateLoading": true,
  "backgroundColor": "transparent",
  "borderRadius": "{{appsmith.theme.borderRadius.appBorderRadius}}",
  "bottomRow": 91,
  "boxShadow": "{{appsmith.theme.boxShadow.appBoxShadow}}",
  "children": [
    {
      "borderRadius": "{{appsmith.theme.borderRadius.appBorderRadius}}",
      "bottomRow": 770,
      "boxShadow": "{{appsmith.theme.boxShadow.appBoxShadow}}",
      "canExtend": false,
      "containerStyle": "none",
      "detachFromLayout": true,
      "dropDisabled": true,
      "dynamicBindingPathList": [
        {
          "key": "borderRadius"
        },
        {
          "key": "boxShadow"
        }
      ],
      "dynamicHeight": "AUTO_HEIGHT",
      "flexLayers": [],
      "isLoading": false,
      "isVisible": true,
      "key": "dknobx5d94",
      "leftColumn": 0,
      "maxDynamicHeight": 9000,
      "minDynamicHeight": 4,
      "minHeight": 400,
      "minWidth": 450,
      "mobileBottomRow": 400,
      "mobileLeftColumn": 0,
      "mobileRightColumn": 475.5,
      "mobileTopRow": 0,
      "needsErrorInfo": false,
      "noPad": true,
      "openParentPropertyPane": true,
      "parentColumnSpace": 1,
      "parentId": "t6kgc822s6",
      "parentRowSpace": 1,
      "renderMode": "CANVAS",
      "responsiveBehavior": "fill",
      "rightColumn": 475.5,
      "topRow": 0,
      "type": "CANVAS_WIDGET",
      "version": 1,
      "widgetId": "0i523wuigc",
      "widgetName": "Canvas18"
    }
  ],
  "currentItemsView": "{{[]}}",
  "dynamicBindingPathList": [
    {
      "key": "currentItemsView"
    },
    {
      "key": "selectedItemView"
    },
    {
      "key": "triggeredItemView"
    },
    {
      "key": "primaryKeys"
    },
    {
      "key": "accentColor"
    },
    {
      "key": "borderRadius"
    },
    {
      "key": "boxShadow"
    },
    {
      "key": "listData"
    }
  ],
  "dynamicTriggerPathList": [],
  "enhancements": true,
  "flexVerticalAlignment": "start",
  "gridType": "vertical",
  "hasMetaWidgets": true,
  "isCanvas": true,
  "isLoading": false,
  "isVisible": true,
  "itemBackgroundColor": "#FFFFFF",
  "itemSpacing": 8,
  "key": "a6533ym5q7",
  "leftColumn": 1,
  "listData": "{{requestsJSObject.requests.data}}",
  "mainCanvasId": "0i523wuigc",
  "mainContainerId": "80te38755a",
  "minWidth": 450,
  "mobileBottomRow": 57,
  "mobileLeftColumn": 1,
  "mobileRightColumn": 25,
  "mobileTopRow": 17,
  "needsErrorInfo": false,
  "pageSize": 5,
  "parentColumnSpace": 19.8125,
  "parentId": "0",
  "parentRowSpace": 10,
  "primaryKeys": "{{List1.listData.map((currentItem, currentIndex) => currentItem[\"id\"] )}}",
  "renderMode": "CANVAS",
  "requiresFlatWidgetChildren": true,
  "responsiveBehavior": "fill",
  "rightColumn": 63,
  "selectedItemView": "{{{}}}",
  "templateHeight": 160,
  "topRow": 14,
  "triggeredItemView": "{{{}}}",
  "type": "LIST_WIDGET_V2",
  "widgetId": "t6kgc822s6",
  "widgetName": "List1"
}