{
  "gitSyncId": "66f4e75573f83b5809d9de24_c618261d-5b0d-4a6d-bc9a-bdc6b0591c6e",
  "unpublishedPage": {
    "isHidden": false,
    "layouts": [
      {
        "dsl": {
          "backgroundColor": "none",
          "bottomRow": 910,
          "canExtend": true,
          "containerStyle": "none",
          "detachFromLayout": true,
          "dynamicBindingPathList": [],
          "dynamicTriggerPathList": [],
          "leftColumn": 0,
          "minHeight": 850,
          "parentColumnSpace": 1,
          "parentRowSpace": 1,
          "rightColumn": 1160,
          "snapColumns": 64,
          "snapRows": 104,
          "topRow": 0,
          "type": "CANVAS_WIDGET",
          "version": 89,
          "widgetId": "0",
          "widgetName": "MainContainer"
        }
      }
    ],
    "name": "ConnectionRequestsPage",
    "slug": "connectionrequestspage"
  }
}