{
  "animateLoading": true,
  "borderRadius": "{{appsmith.theme.borderRadius.appBorderRadius}}",
  "bottomRow": 283,
  "boxShadow": "none",
  "canEscapeKeyClose": true,
  "canOutsideClickClose": true,
  "children": [
    {
      "borderRadius": "{{appsmith.theme.borderRadius.appBorderRadius}}",
      "bottomRow": 180,
      "boxShadow": "{{appsmith.theme.boxShadow.appBoxShadow}}",
      "canExtend": true,
      "detachFromLayout": true,
      "displayName": "Canvas",
      "dynamicBindingPathList": [
        {
          "key": "borderRadius"
        },
        {
          "key": "boxShadow"
        }
      ],
      "dynamicHeight": "AUTO_HEIGHT",
      "flexLayers": [],
      "hideCard": true,
      "isDeprecated": false,
      "isDisabled": false,
      "isLoading": false,
      "isVisible": true,
      "key": "imwk8hunzg",
      "leftColumn": 0,
      "maxDynamicHeight": 9000,
      "minDynamicHeight": 4,
      "minHeight": 560,
      "minWidth": 450,
      "mobileBottomRow": 240,
      "mobileLeftColumn": 0,
      "mobileRightColumn": 453.140625,
      "mobileTopRow": 0,
      "needsErrorInfo": false,
      "onCanvasUI": {
        "disableParentSelection": true,
        "focusBGCSSVar": "--on-canvas-ui-widget-focus",
        "focusColorCSSVar": "--on-canvas-ui-widget-selection",
        "selectionBGCSSVar": "--on-canvas-ui-widget-selection",
        "selectionColorCSSVar": "--on-canvas-ui-widget-focus"
      },
      "parentColumnSpace": 1,
      "parentId": "zdeuuqbe8o",
      "parentRowSpace": 1,
      "renderMode": "CANVAS",
      "responsiveBehavior": "fill",
      "rightColumn": 453.140625,
      "shouldScrollContents": false,
      "topRow": 0,
      "type": "CANVAS_WIDGET",
      "version": 1,
      "widgetId": "2ku0edwrgd",
      "widgetName": "Canvas19"
    }
  ],
  "detachFromLayout": true,
  "displayName": "Modal",
  "dynamicBindingPathList": [
    {
      "key": "borderRadius"
    }
  ],
  "dynamicHeight": "AUTO_HEIGHT",
  "dynamicTriggerPathList": [],
  "height": 180,
  "hideCard": false,
  "iconSVG": "/static/media/icon.47fe8500526372db96cb58a82187ffeb.svg",
  "isCanvas": true,
  "isDeprecated": false,
  "isLoading": false,
  "key": "sz9j1mkeha",
  "leftColumn": 21,
  "maxDynamicHeight": 9000,
  "minDynamicHeight": 10,
  "minHeight": 180,
  "mobileBottomRow": 38,
  "mobileLeftColumn": 21,
  "mobileRightColumn": 45,
  "mobileTopRow": 14,
  "needsErrorInfo": false,
  "onCanvasUI": {
    "disableParentSelection": true,
    "focusBGCSSVar": "--on-canvas-ui-widget-focus",
    "focusColorCSSVar": "--on-canvas-ui-widget-selection",
    "selectionBGCSSVar": "--on-canvas-ui-widget-selection",
    "selectionColorCSSVar": "--on-canvas-ui-widget-focus"
  },
  "originalBottomRow": 264,
  "originalTopRow": 14,
  "parentColumnSpace": 18.880859375,
  "parentId": "0",
  "parentRowSpace": 10,
  "renderMode": "CANVAS",
  "rightColumn": 45,
  "searchTags": [
    "dialog",
    "popup",
    "notification"
  ],
  "shouldScrollContents": true,
  "tags": [
    "Layout"
  ],
  "thumbnailSVG": "/static/media/thumbnail.c20e144182d9af35cde59e39d9afe632.svg",
  "topRow": 103,
  "type": "MODAL_WIDGET",
  "version": 2,
  "widgetId": "zdeuuqbe8o",
  "widgetName": "CreationSuccessfulModel",
  "width": 500
}