{
  "animateLoading": true,
  "borderRadius": "{{appsmith.theme.borderRadius.appBorderRadius}}",
  "bottomRow": 4,
  "boxShadow": "none",
  "buttonColor": "{{appsmith.theme.colors.primaryColor}}",
  "buttonVariant": "TERTIARY",
  "displayName": "Icon button",
  "dynamicBindingPathList": [
    {
      "key": "buttonColor"
    },
    {
      "key": "borderRadius"
    }
  ],
  "dynamicTriggerPathList": [
    {
      "key": "onClick"
    }
  ],
  "hideCard": false,
  "iconName": "cross",
  "iconSVG": "/static/media/icon.e5045469a82b76384d0c537fc9545012.svg",
  "iconSize": 24,
  "isDeprecated": false,
  "isDisabled": false,
  "isLoading": false,
  "isVisible": true,
  "key": "7p2rs8baw4",
  "leftColumn": 58,
  "minWidth": 50,
  "mobileBottomRow": 4,
  "mobileLeftColumn": 58,
  "mobileRightColumn": 64,
  "mobileTopRow": 0,
  "needsErrorInfo": false,
  "onCanvasUI": {
    "disableParentSelection": false,
    "focusBGCSSVar": "--on-canvas-ui-widget-focus",
    "focusColorCSSVar": "--on-canvas-ui-widget-selection",
    "selectionBGCSSVar": "--on-canvas-ui-widget-selection",
    "selectionColorCSSVar": "--on-canvas-ui-widget-focus"
  },
  "onClick": "{{closeModal(CreationSuccessfulModel.name);}}",
  "parentId": "2ku0edwrgd",
  "renderMode": "CANVAS",
  "responsiveBehavior": "hug",
  "rightColumn": 64,
  "searchTags": [
    "click",
    "submit"
  ],
  "tags": [
    "Buttons"
  ],
  "thumbnailSVG": "/static/media/thumbnail.b02b764a52db45d332efa723178a50a4.svg",
  "topRow": 0,
  "type": "ICON_BUTTON_WIDGET",
  "version": 1,
  "widgetId": "lw53g4amq5",
  "widgetName": "IconButton2"
}