{
  "gitSyncId": "66ebb00d73f83b5809d9d9a4_6093b044-3b30-4d00-b4a6-e2cc2878d6e8",
  "id": "EditProfilePage_addInstitution",
  "pluginId": "postgres-plugin",
  "pluginType": "DB",
  "unpublishedAction": {
    "actionConfiguration": {
      "body": "INSERT INTO institutions (name, isschool) values ({{this.params.institution_name.replace(new RegExp(\"'\", \"gm\"), \"''\")}}, {{this.params.isSchool}}) RETURNING institution_id;",
      "encodeParamsToggle": true,
      "paginationType": "NONE",
      "pluginSpecifiedTemplates": [
        {
          "value": true
        }
      ],
      "timeoutInMillisecond": 10000
    },
    "confirmBeforeExecute": false,
    "datasource": {
      "id": "Community Portal Database",
      "isAutoGenerated": false,
      "name": "Community Portal Database",
      "pluginId": "postgres-plugin"
    },
    "dynamicBindingPathList": [
      {
        "key": "body"
      }
    ],
    "executeOnLoad": false,
    "name": "addInstitution",
    "pageId": "EditProfilePage",
    "userSetOnLoad": false
  }
}