{
  "accentColor": "{{appsmith.theme.colors.primaryColor}}",
  "animateLoading": true,
  "autoFocus": false,
  "borderRadius": "0.375rem",
  "bottomRow": 16,
  "boxShadow": "none",
  "defaultText": "",
  "displayName": "Input",
  "dynamicBindingPathList": [
    {
      "key": "accentColor"
    },
    {
      "key": "isVisible"
    }
  ],
  "dynamicHeight": "FIXED",
  "dynamicPropertyPathList": [
    {
      "key": "isVisible"
    }
  ],
  "dynamicTriggerPathList": [
    {
      "key": "onFocus"
    },
    {
      "key": "onTextChanged"
    }
  ],
  "errorMessage": "Password must be at least 8 characters long and include at least 1 uppercase letter, 1 lowercase letter, 1 number, and 1 special character.",
  "hideCard": false,
  "iconAlign": "left",
  "iconSVG": "/static/media/icon.9f505595da61a34f563dba82adeb06ec.svg",
  "inputType": "PASSWORD",
  "isDeprecated": false,
  "isDisabled": false,
  "isLoading": false,
  "isRequired": true,
  "isVisible": "{{ChangePasswordJSObject.show_new_fields}}",
  "key": "j65kqedbz9",
  "label": "Confim New Password",
  "labelAlignment": "left",
  "labelPosition": "Top",
  "labelStyle": "BOLD",
  "labelTextColor": "",
  "labelTextSize": "1rem",
  "labelWidth": 5,
  "leftColumn": 6,
  "maxDynamicHeight": 9000,
  "minDynamicHeight": 4,
  "onFocus": "",
  "onTextChanged": "{{ChangePasswordJSObject.removeAlerts('alert_pass');}}",
  "parentColumnSpace": 12.0732421875,
  "parentId": "7hujpnahl3",
  "parentRowSpace": 10,
  "placeholderText": "Reenter your new password",
  "regex": "^(?=.*[a-z])(?=.*[A-Z])(?=.*\\d)(?=.*[@$!%*?&])[A-Za-z\\d@$!%*?&]{8,}$",
  "renderMode": "CANVAS",
  "resetOnSubmit": true,
  "rightColumn": 59,
  "searchTags": [
    "form",
    "text input",
    "number",
    "textarea"
  ],
  "shouldAllowAutofill": true,
  "showStepArrows": false,
  "topRow": 8,
  "type": "INPUT_WIDGET_V2",
  "validation": "",
  "version": 2,
  "widgetId": "8n7nredzuv",
  "widgetName": "inp_confirm_pass"
}