{
  "gitSyncId": "6715e2bb73f83b5809d9ebd1_86426199-40ec-4f32-ae85-7aeac55ddf1e",
  "id": "AfterActivationLinkLandingPage_LoginJSObject.signin",
  "pluginId": "js-plugin",
  "pluginType": "JS",
  "unpublishedAction": {
    "actionConfiguration": {
      "encodeParamsToggle": true,
      "jsArguments": [],
      "paginationType": "NONE",
      "timeoutInMillisecond": 10000
    },
    "collectionId": "AfterActivationLinkLandingPage_LoginJSObject",
    "confirmBeforeExecute": false,
    "datasource": {
      "isAutoGenerated": false,
      "name": "UNUSED_DATASOURCE",
      "pluginId": "js-plugin"
    },
    "dynamicBindingPathList": [
      {
        "key": "body"
      }
    ],
    "executeOnLoad": true,
    "fullyQualifiedName": "LoginJSObject.signin",
    "name": "signin",
    "pageId": "AfterActivationLinkLandingPage",
    "userSetOnLoad": true
  }
}