{
  "animateLoading": true,
  "borderRadius": "{{appsmith.theme.borderRadius.appBorderRadius}}",
  "bottomRow": 11,
  "boxShadow": "none",
  "buttonColor": "{{appsmith.theme.colors.primaryColor}}",
  "buttonVariant": "PRIMARY",
  "disabledWhenInvalid": false,
  "dynamicBindingPathList": [
    {
      "key": "buttonColor"
    },
    {
      "key": "borderRadius"
    },
    {
      "key": "isVisible"
    }
  ],
  "dynamicPropertyPathList": [
    {
      "key": "isVisible"
    }
  ],
  "dynamicTriggerPathList": [],
  "isDefaultClickDisabled": true,
  "isDisabled": false,
  "isLoading": false,
  "isVisible": "{{appsmith.URL.queryParams.user? true : false}}",
  "key": "v23rouyayb",
  "leftColumn": 21,
  "minWidth": 120,
  "mobileBottomRow": 52,
  "mobileLeftColumn": 2,
  "mobileRightColumn": 18,
  "mobileTopRow": 48,
  "needsErrorInfo": false,
  "originalBottomRow": 14,
  "originalTopRow": 10,
  "parentColumnSpace": 19.8125,
  "parentId": "jnlcitzgc4",
  "parentRowSpace": 10,
  "placement": "CENTER",
  "recaptchaType": "V3",
  "renderMode": "CANVAS",
  "resetFormOnClick": false,
  "responsiveBehavior": "hug",
  "rightColumn": 37,
  "text": "Resend Activation Link",
  "topRow": 7,
  "type": "BUTTON_WIDGET",
  "version": 1,
  "widgetId": "9h98rr6o4n",
  "widgetName": "Button5"
}