{
  "animateLoading": true,
  "borderRadius": "{{appsmith.theme.borderRadius.appBorderRadius}}",
  "bottomRow": 15,
  "dynamicBindingPathList": [
    {
      "key": "truncateButtonColor"
    },
    {
      "key": "fontFamily"
    },
    {
      "key": "borderRadius"
    },
    {
      "key": "isVisible"
    }
  ],
  "dynamicHeight": "AUTO_HEIGHT",
  "dynamicPropertyPathList": [
    {
      "key": "isVisible"
    }
  ],
  "dynamicTriggerPathList": [],
  "fontFamily": "{{appsmith.theme.fontFamily.appFont}}",
  "fontSize": "1rem",
  "fontStyle": "BOLD",
  "isLoading": false,
  "isVisible": "{{appsmith.URL.queryParams.user? false : true}}",
  "key": "0o3j77z9bt",
  "leftColumn": 21,
  "maxDynamicHeight": 9000,
  "minDynamicHeight": 4,
  "minWidth": 450,
  "mobileBottomRow": 31,
  "mobileLeftColumn": 22,
  "mobileRightColumn": 38,
  "mobileTopRow": 27,
  "needsErrorInfo": false,
  "originalBottomRow": 9,
  "originalTopRow": 2,
  "overflow": "NONE",
  "parentColumnSpace": 19.8125,
  "parentId": "jnlcitzgc4",
  "parentRowSpace": 10,
  "renderMode": "CANVAS",
  "responsiveBehavior": "fill",
  "rightColumn": 37,
  "shouldTruncate": false,
  "text": "Not Registered",
  "textAlign": "CENTER",
  "textColor": "#231F20",
  "topRow": 11,
  "truncateButtonColor": "{{appsmith.theme.colors.primaryColor}}",
  "type": "TEXT_WIDGET",
  "version": 1,
  "widgetId": "07qhgmrgzl",
  "widgetName": "Text44Copy"
}