{
  "gitSyncId": "66e1b24a73f83b5809d9d6b5_18329023-67d3-45e1-b305-e26246f09384",
  "id": "EditProfilePage_addEducationAndExperience.modifyUser",
  "pluginId": "js-plugin",
  "pluginType": "JS",
  "unpublishedAction": {
    "actionConfiguration": {
      "encodeParamsToggle": true,
      "jsArguments": [],
      "paginationType": "NONE",
      "timeoutInMillisecond": 10000
    },
    "collectionId": "EditProfilePage_addEducationAndExperience",
    "confirmBeforeExecute": false,
    "datasource": {
      "isAutoGenerated": false,
      "name": "UNUSED_DATASOURCE",
      "pluginId": "js-plugin"
    },
    "dynamicBindingPathList": [
      {
        "key": "body"
      }
    ],
    "executeOnLoad": false,
    "fullyQualifiedName": "addEducationAndExperience.modifyUser",
    "name": "modifyUser",
    "pageId": "EditProfilePage",
    "userSetOnLoad": false
  }
}