{
  "accessor": [
    "xmlParser"
  ],
  "defs": "{\"!name\":\"LIB/xmlParser\",\"xmlParser\":{\"parse\":{\"!type\":\"fn()\",\"prototype\":{}},\"convertTonimn\":{\"!type\":\"fn()\",\"prototype\":{}},\"getTraversalObj\":{\"!type\":\"fn()\",\"prototype\":{}},\"convertToJson\":{\"!type\":\"fn()\",\"prototype\":{}},\"convertToJsonString\":{\"!type\":\"fn()\",\"prototype\":{}},\"validate\":{\"!type\":\"fn()\",\"prototype\":{}},\"j2xParser\":{\"!type\":\"fn()\",\"prototype\":{\"parse\":{\"!type\":\"fn()\",\"prototype\":{}},\"j2x\":{\"!type\":\"fn()\",\"prototype\":{}}}},\"parseToNimn\":{\"!type\":\"fn()\",\"prototype\":{}}}}",
  "name": "xmlParser",
  "uidString": "xmlParser_https://cdnjs.cloudflare.com/ajax/libs/fast-xml-parser/3.17.5/parser.min.js",
  "url": "https://cdnjs.cloudflare.com/ajax/libs/fast-xml-parser/3.17.5/parser.min.js",
  "version": "3.17.5"
}