{
  "accentColor": "{{appsmith.theme.colors.primaryColor}}",
  "animateLoading": true,
  "autoFocus": false,
  "borderRadius": "0.375rem",
  "bottomRow": 46,
  "boxShadow": "none",
  "defaultText": "",
  "displayName": "Input",
  "dynamicBindingPathList": [
    {
      "key": "accentColor"
    },
    {
      "key": "validation"
    }
  ],
  "dynamicHeight": "FIXED",
  "dynamicTriggerPathList": [],
  "errorMessage": "Password must match",
  "hideCard": false,
  "iconAlign": "left",
  "iconSVG": "/static/media/icon.9f505595da61a34f563dba82adeb06ec.svg",
  "inputType": "PASSWORD",
  "isDeprecated": false,
  "isDisabled": false,
  "isLoading": false,
  "isRequired": true,
  "isVisible": true,
  "key": "j65kqedbz9",
  "label": "Confirm Password*",
  "labelAlignment": "left",
  "labelPosition": "Top",
  "labelStyle": "BOLD",
  "labelTextSize": "1rem",
  "labelWidth": 5,
  "leftColumn": 32,
  "maxDynamicHeight": 9000,
  "minDynamicHeight": 4,
  "originalBottomRow": 76,
  "originalTopRow": 68,
  "parentColumnSpace": 12.0732421875,
  "parentId": "cfmjtqv3rn",
  "parentRowSpace": 10,
  "placeholderText": "Re-enter Password",
  "renderMode": "CANVAS",
  "resetOnSubmit": true,
  "rightColumn": 63,
  "searchTags": [
    "form",
    "text input",
    "number",
    "textarea"
  ],
  "shouldAllowAutofill": true,
  "showStepArrows": false,
  "topRow": 38,
  "type": "INPUT_WIDGET_V2",
  "validation": "{{inp_password.text === inp_confirmpassword.text || submitRequest.alert_pass ? true : false}}",
  "version": 2,
  "widgetId": "di93j5iobg",
  "widgetName": "inp_confirmpassword"
}