{
  "accentColor": "{{appsmith.theme.colors.primaryColor}}",
  "animateLoading": true,
  "autoFocus": false,
  "borderRadius": "0.375rem",
  "bottomRow": 46,
  "boxShadow": "none",
  "defaultText": "",
  "displayName": "Input",
  "dynamicBindingPathList": [
    {
      "key": "accentColor"
    },
    {
      "key": "validation"
    }
  ],
  "dynamicHeight": "FIXED",
  "dynamicTriggerPathList": [
    {
      "key": "onTextChanged"
    }
  ],
  "errorMessage": "Password must be at least 8 characters long and include at least 1 uppercase letter, 1 lowercase letter, 1 number, and 1 special character.",
  "hideCard": false,
  "iconAlign": "left",
  "iconSVG": "/static/media/icon.9f505595da61a34f563dba82adeb06ec.svg",
  "inputType": "PASSWORD",
  "isDeprecated": false,
  "isDisabled": false,
  "isLoading": false,
  "isRequired": true,
  "isVisible": true,
  "key": "j65kqedbz9",
  "label": "Create Password*",
  "labelAlignment": "left",
  "labelPosition": "Top",
  "labelStyle": "BOLD",
  "labelTextSize": "1rem",
  "labelWidth": 5,
  "leftColumn": 1,
  "maxDynamicHeight": 9000,
  "minDynamicHeight": 4,
  "onTextChanged": "{{submitRequest.removeAlerts('alert_pass');}}",
  "originalBottomRow": 76,
  "originalTopRow": 68,
  "parentColumnSpace": 12.0732421875,
  "parentId": "cfmjtqv3rn",
  "parentRowSpace": 10,
  "placeholderText": "Enter password",
  "regex": "^(?=.*[a-z])(?=.*[A-Z])(?=.*\\d)(?=.*[@$!%*?&])[A-Za-z\\d@$!%*?&]{8,}$",
  "renderMode": "CANVAS",
  "resetOnSubmit": true,
  "rightColumn": 30,
  "searchTags": [
    "form",
    "text input",
    "number",
    "textarea"
  ],
  "shouldAllowAutofill": true,
  "showStepArrows": false,
  "topRow": 38,
  "type": "INPUT_WIDGET_V2",
  "validation": "{{submitRequest.alert_pass ? false : true}}",
  "version": 2,
  "widgetId": "zrnljg6lgl",
  "widgetName": "inp_password"
}