{
  "gitSyncId": "66ebb00d73f83b5809d9d9a4_34b12863-f55d-43f4-a359-a63592c70f27",
  "id": "EditMemberProfilePage_fetchInstitutions",
  "pluginId": "postgres-plugin",
  "pluginType": "DB",
  "unpublishedAction": {
    "actionConfiguration": {
      "body": "SELECT institution_id, name, isschool FROM institutions;",
      "encodeParamsToggle": true,
      "paginationType": "NONE",
      "pluginSpecifiedTemplates": [
        {
          "value": true
        }
      ],
      "timeoutInMillisecond": 10000
    },
    "confirmBeforeExecute": false,
    "datasource": {
      "id": "Community Portal Database",
      "isAutoGenerated": false,
      "name": "Community Portal Database",
      "pluginId": "postgres-plugin"
    },
    "dynamicBindingPathList": [],
    "executeOnLoad": true,
    "name": "fetchInstitutions",
    "pageId": "EditMemberProfilePage",
    "userSetOnLoad": false
  }
}