{
  "gitSyncId": "66ebb00d73f83b5809d9d9a4_fcf4d51f-06bc-4565-a96a-165e2bb3142a",
  "id": "EditProfilePage_fetchOrganizations",
  "pluginId": "postgres-plugin",
  "pluginType": "DB",
  "unpublishedAction": {
    "actionConfiguration": {
      "body": "SELECT organization_id, name, institution_id FROM organizations;",
      "encodeParamsToggle": true,
      "paginationType": "NONE",
      "pluginSpecifiedTemplates": [
        {
          "value": true
        }
      ],
      "timeoutInMillisecond": 10000
    },
    "confirmBeforeExecute": false,
    "datasource": {
      "id": "Community Portal Database",
      "isAutoGenerated": false,
      "name": "Community Portal Database",
      "pluginId": "postgres-plugin"
    },
    "dynamicBindingPathList": [],
    "executeOnLoad": true,
    "name": "fetchOrganizations",
    "pageId": "EditProfilePage",
    "userSetOnLoad": false
  }
}