{
  "gitSyncId": "67036dee73f83b5809d9e299_c91b4575-64f3-46ad-9e01-65ee3b85c692",
  "id": "ComapniesPage_fetch_organizations",
  "pluginId": "postgres-plugin",
  "pluginType": "DB",
  "unpublishedAction": {
    "actionConfiguration": {
      "body": "SELECT * FROM organizations where institution_id ISNULL order by name asc;",
      "encodeParamsToggle": true,
      "paginationType": "NONE",
      "pluginSpecifiedTemplates": [
        {
          "value": true
        }
      ],
      "timeoutInMillisecond": 10000
    },
    "confirmBeforeExecute": false,
    "datasource": {
      "id": "Community Portal Database",
      "isAutoGenerated": false,
      "name": "Community Portal Database",
      "pluginId": "postgres-plugin"
    },
    "dynamicBindingPathList": [],
    "executeOnLoad": true,
    "name": "fetch_organizations",
    "pageId": "ComapniesPage",
    "userSetOnLoad": false
  }
}