{
  "appIsExample": false,
  "appLayout": {
    "type": "DESKTOP"
  },
  "applicationDetail": {
    "navigationSetting": {
      "colorStyle": "light",
      "itemStyle": "text",
      "logoAssetId": "",
      "logoConfiguration": "logoAndApplicationTitle",
      "navStyle": "stacked",
      "orientation": "top",
      "position": "static",
      "showNavbar": false,
      "showSignIn": true
    }
  },
  "applicationVersion": 2,
  "color": "#C7F3E3",
  "embedSetting": {
    "height": "720px",
    "showNavigationBar": false,
    "width": "1024px"
  },
  "icon": "moon",
  "pages": [
    {
      "id": "AllMembersPage",
      "isDefault": false
    },
    {
      "id": "LoginPage",
      "isDefault": false
    },
    {
      "id": "LandingPage",
      "isDefault": false
    },
    {
      "id": "ApprovalList(foradmins)",
      "isDefault": false
    },
    {
      "id": "RegistrationPage",
      "isDefault": false
    },
    {
      "id": "SchoolCollegePage",
      "isDefault": false
    },
    {
      "id": "AdminPanelPage",
      "isDefault": false
    },
    {
      "id": "ProfilePage",
      "isDefault": false
    },
    {
      "id": "EditProfilePage",
      "isDefault": false
    },
    {
      "id": "PreApprovalMemberEditPage",
      "isDefault": false
    },
    {
      "id": "MembershipPage",
      "isDefault": false
    },
    {
      "id": "HomePage",
      "isDefault": true
    },
    {
      "id": "MemberProfilePage",
      "isDefault": false
    },
    {
      "id": "EditMemberProfilePage",
      "isDefault": false
    },
    {
      "id": "ProfilePageForApproval",
      "isDefault": false
    },
    {
      "id": "AddMemberPage",
      "isDefault": false
    },
    {
      "id": "InstitutionPage",
      "isDefault": false
    },
    {
      "id": "HelperForFuture",
      "isDefault": false
    },
    {
      "id": "ConnectionRequestsPage",
      "isDefault": false
    },
    {
      "id": "InstiOrgReviewPage",
      "isDefault": false
    },
    {
      "id": "EditInstitutionPage",
      "isDefault": false
    },
    {
      "id": "EditOrganizationPage",
      "isDefault": false
    },
    {
      "id": "AddNewInstitutionPage",
      "isDefault": false
    },
    {
      "id": "organizationPage",
      "isDefault": false
    },
    {
      "id": "FindMyConnectPage",
      "isDefault": false
    },
    {
      "id": "ComapniesPage",
      "isDefault": false
    },
    {
      "id": "SettingsPage",
      "isDefault": false
    },
    {
      "id": "ChangePasswordPage",
      "isDefault": false
    },
    {
      "id": "AfterActivationLinkLandingPage",
      "isDefault": false
    },
    {
      "id": "ErrorActivationPage",
      "isDefault": false
    },
    {
      "id": "ResetPasswordPage",
      "isDefault": false
    }
  ],
  "unpublishedAppLayout": {
    "type": "DESKTOP"
  },
  "unpublishedApplicationDetail": {
    "navigationSetting": {
      "colorStyle": "light",
      "itemStyle": "text",
      "logoAssetId": "",
      "logoConfiguration": "logoAndApplicationTitle",
      "navStyle": "stacked",
      "orientation": "top",
      "position": "static",
      "showNavbar": false,
      "showSignIn": true
    }
  }
}