{
  "gitSyncId": "66ebb00d73f83b5809d9d9a4_bf3bdd16-4aae-437e-9513-5104ce4dfed6",
  "id": "EditMemberProfilePage_getUserJSObject.userData",
  "pluginId": "js-plugin",
  "pluginType": "JS",
  "unpublishedAction": {
    "actionConfiguration": {
      "encodeParamsToggle": true,
      "jsArguments": [],
      "paginationType": "NONE",
      "timeoutInMillisecond": 10000
    },
    "collectionId": "EditMemberProfilePage_getUserJSObject",
    "confirmBeforeExecute": false,
    "datasource": {
      "isAutoGenerated": false,
      "name": "UNUSED_DATASOURCE",
      "pluginId": "js-plugin"
    },
    "dynamicBindingPathList": [
      {
        "key": "body"
      }
    ],
    "executeOnLoad": true,
    "fullyQualifiedName": "getUserJSObject.userData",
    "name": "userData",
    "pageId": "EditMemberProfilePage",
    "userSetOnLoad": false
  }
}