{
  "gitSyncId": "66f4e75573f83b5809d9de24_c6f2b04a-e132-40be-b0f6-a41fefec38bd",
  "id": "AddMemberPage_add_member",
  "pluginId": "postgres-plugin",
  "pluginType": "DB",
  "unpublishedAction": {
    "actionConfiguration": {
      "body": "INSERT INTO profiles (membership_id, profile_image, profile_name, email,password_hash, role_id)\nVALUES\n(\n\t{{appsmith.store.user.membership_id}},\n\t{{inp_image.model.image ? `'${inp_image.model.image}'` : NaN }},\n\t'{{inp_name.text.replace(new RegExp(\"'\", \"gm\"), \"''\")}}',\n\t'{{inp_email.text.replace(new RegExp(\"'\", \"gm\"), \"''\")}}',\n\t'{{passwordHasing.createHash(inp_password.text)}}',\n\t2\n)\n",
      "encodeParamsToggle": true,
      "paginationType": "NONE",
      "pluginSpecifiedTemplates": [
        {
          "value": false
        }
      ],
      "timeoutInMillisecond": 10000
    },
    "confirmBeforeExecute": false,
    "datasource": {
      "id": "Community Portal Database",
      "isAutoGenerated": false,
      "name": "Community Portal Database",
      "pluginId": "postgres-plugin"
    },
    "dynamicBindingPathList": [
      {
        "key": "body"
      }
    ],
    "executeOnLoad": false,
    "name": "add_member",
    "pageId": "AddMemberPage",
    "userSetOnLoad": false
  }
}