{
  "gitSyncId": "66ebb00d73f83b5809d9d9a4_22536393-2fdf-4be0-bcc5-585810365d8c",
  "id": "EditMemberProfilePage_updateUserDetails",
  "pluginId": "postgres-plugin",
  "pluginType": "DB",
  "unpublishedAction": {
    "actionConfiguration": {
      "body": "UPDATE profiles\nSET       \n    profile_name = {{inp_name.text}},                      \n    profile_image = {{inp_image.model.image ? `${inp_image.model.image}` : NaN }},                 \n    phone_number = {{inp_phone.text}},\n\t\ttagline = {{inp_tagline.text}},\n\t\tpublic_contact_info = {{inp_contact_info.text}},\n    email = {{inp_email.text}}, \n\t\tgender = {{inp_gender.selectedOptionValue}},\n\t\tbirth_date = {{inp_dob.selectedDate ? `'${inp_dob.selectedDate}'` : NaN }},\n    location = {{inp_location.text.replace(new RegExp(\"'\", \"gm\"), \"''\")}},                  \n    about = {{inp_about ? `${inp_about.text.replace(new RegExp(\"'\", \"gm\"), \"''\")}` : NaN}},\n\t\trole_id = {{inp_role.selectedOptionValue}}\nWHERE profile_id = {{getUserJSObject.userData.data.user.profile_id}} RETURNING *;",
      "encodeParamsToggle": true,
      "paginationType": "NONE",
      "pluginSpecifiedTemplates": [
        {
          "value": true
        }
      ],
      "timeoutInMillisecond": 10000
    },
    "confirmBeforeExecute": false,
    "datasource": {
      "id": "Community Portal Database",
      "isAutoGenerated": false,
      "name": "Community Portal Database",
      "pluginId": "postgres-plugin"
    },
    "dynamicBindingPathList": [
      {
        "key": "body"
      }
    ],
    "executeOnLoad": false,
    "name": "updateUserDetails",
    "pageId": "EditMemberProfilePage",
    "userSetOnLoad": false
  }
}