{
  "gitSyncId": "66e1b24a73f83b5809d9d6b5_fa086978-98a8-4f94-99e7-01a6d770466c",
  "id": "EditProfilePage_deleteWorkexs",
  "pluginId": "postgres-plugin",
  "pluginType": "DB",
  "unpublishedAction": {
    "actionConfiguration": {
      "body": "DELETE FROM work_experience\nWHERE profile_id = {{appsmith.store.user.profile_id}};",
      "encodeParamsToggle": true,
      "paginationType": "NONE",
      "pluginSpecifiedTemplates": [
        {
          "value": true
        }
      ],
      "timeoutInMillisecond": 10000
    },
    "confirmBeforeExecute": false,
    "datasource": {
      "id": "Community Portal Database",
      "isAutoGenerated": false,
      "name": "Community Portal Database",
      "pluginId": "postgres-plugin"
    },
    "dynamicBindingPathList": [
      {
        "key": "body"
      }
    ],
    "executeOnLoad": false,
    "name": "deleteWorkexs",
    "pageId": "EditProfilePage",
    "userSetOnLoad": false
  }
}