{
  "gitSyncId": "66ebb00d73f83b5809d9d9a4_72cf2b84-459c-4f66-9656-980d56120d1a",
  "id": "EditProfilePage_fetchUpdatedUser",
  "pluginId": "postgres-plugin",
  "pluginType": "DB",
  "unpublishedAction": {
    "actionConfiguration": {
      "body": "SELECT * FROM profiles where profile_id = {{appsmith.store.user.profile_id}};",
      "encodeParamsToggle": true,
      "paginationType": "NONE",
      "pluginSpecifiedTemplates": [
        {
          "value": true
        }
      ],
      "timeoutInMillisecond": 10000
    },
    "confirmBeforeExecute": false,
    "datasource": {
      "id": "Community Portal Database",
      "isAutoGenerated": false,
      "name": "Community Portal Database",
      "pluginId": "postgres-plugin"
    },
    "dynamicBindingPathList": [
      {
        "key": "body"
      }
    ],
    "executeOnLoad": false,
    "name": "fetchUpdatedUser",
    "pageId": "EditProfilePage",
    "userSetOnLoad": false
  }
}