{
  "gitSyncId": "670e3e4173f83b5809d9e7c2_54e69300-6ba5-4b79-869b-a7d983b86030",
  "id": "ChangePasswordPage_ChangePasswordJSObject.verifyHash",
  "pluginId": "js-plugin",
  "pluginType": "JS",
  "unpublishedAction": {
    "actionConfiguration": {
      "encodeParamsToggle": true,
      "jsArguments": [
        {
          "name": "password"
        },
        {
          "name": "hash"
        }
      ],
      "paginationType": "NONE",
      "timeoutInMillisecond": 10000
    },
    "collectionId": "ChangePasswordPage_ChangePasswordJSObject",
    "confirmBeforeExecute": false,
    "datasource": {
      "isAutoGenerated": false,
      "name": "UNUSED_DATASOURCE",
      "pluginId": "js-plugin"
    },
    "dynamicBindingPathList": [
      {
        "key": "body"
      }
    ],
    "executeOnLoad": false,
    "fullyQualifiedName": "ChangePasswordJSObject.verifyHash",
    "name": "verifyHash",
    "pageId": "ChangePasswordPage",
    "userSetOnLoad": false
  }
}