{
  "accentColor": "{{appsmith.theme.colors.primaryColor}}",
  "animateLoading": true,
  "autoFocus": false,
  "borderRadius": "0.375rem",
  "bottomRow": 51,
  "boxShadow": "none",
  "defaultText": "{{getUserJSObject.userData.data.user.email ? getUserJSObject.userData.data.user.email : \"\"}}",
  "displayName": "Input",
  "dynamicBindingPathList": [
    {
      "key": "accentColor"
    },
    {
      "key": "defaultText"
    }
  ],
  "dynamicHeight": "FIXED",
  "dynamicTriggerPathList": [],
  "hideCard": false,
  "iconAlign": "left",
  "iconSVG": "/static/media/icon.9f505595da61a34f563dba82adeb06ec.svg",
  "inputType": "EMAIL",
  "isDeprecated": false,
  "isDisabled": true,
  "isLoading": false,
  "isRequired": true,
  "isVisible": true,
  "key": "j65kqedbz9",
  "label": "Email address*",
  "labelAlignment": "left",
  "labelPosition": "Top",
  "labelStyle": "BOLD",
  "labelTextSize": "1rem",
  "labelWidth": 5,
  "leftColumn": 1,
  "maxDynamicHeight": 9000,
  "minDynamicHeight": 4,
  "originalBottomRow": 50,
  "originalTopRow": 42,
  "parentColumnSpace": 12.0732421875,
  "parentId": "hnice2rhm7",
  "parentRowSpace": 10,
  "placeholderText": "Enter email address",
  "renderMode": "CANVAS",
  "resetOnSubmit": true,
  "rightColumn": 30,
  "searchTags": [
    "form",
    "text input",
    "number",
    "textarea"
  ],
  "shouldAllowAutofill": true,
  "showStepArrows": false,
  "topRow": 43,
  "type": "INPUT_WIDGET_V2",
  "version": 2,
  "widgetId": "6w7cn6of34",
  "widgetName": "inp_email"
}