{
  "accentColor": "{{appsmith.theme.colors.primaryColor}}",
  "animateLoading": true,
  "autoFocus": false,
  "borderRadius": "0.375rem",
  "bottomRow": 51,
  "boxShadow": "none",
  "defaultText": "{{getUserJSObject.userData.data.user.phone_number ? getUserJSObject.userData.data.user.phone_number : \"\"}}",
  "displayName": "Input",
  "dynamicBindingPathList": [
    {
      "key": "accentColor"
    },
    {
      "key": "defaultText"
    }
  ],
  "dynamicHeight": "FIXED",
  "dynamicTriggerPathList": [],
  "errorMessage": "",
  "hideCard": false,
  "iconAlign": "left",
  "iconSVG": "/static/media/icon.9f505595da61a34f563dba82adeb06ec.svg",
  "inputType": "NUMBER",
  "isDeprecated": false,
  "isDisabled": false,
  "isLoading": false,
  "isRequired": false,
  "isVisible": true,
  "key": "j65kqedbz9",
  "label": "Phone No.",
  "labelAlignment": "left",
  "labelPosition": "Top",
  "labelStyle": "BOLD",
  "labelTextSize": "1rem",
  "labelWidth": 5,
  "leftColumn": 32,
  "maxDynamicHeight": 9000,
  "maxNum": "100000000000000000000",
  "minDynamicHeight": 4,
  "minNum": "0",
  "originalBottomRow": 51,
  "originalTopRow": 42,
  "parentColumnSpace": 12.0732421875,
  "parentId": "hnice2rhm7",
  "parentRowSpace": 10,
  "placeholderText": "Enter phone number including country prefix",
  "regex": "^(\\+1\\s?)?(\\([2-9]\\d{2}\\)|[2-9]\\d{2})[\\s.-]?\\d{3}[\\s.-]?\\d{4}$",
  "renderMode": "CANVAS",
  "resetOnSubmit": true,
  "rightColumn": 63,
  "searchTags": [
    "form",
    "text input",
    "number",
    "textarea"
  ],
  "shouldAllowAutofill": false,
  "showStepArrows": false,
  "topRow": 43,
  "type": "INPUT_WIDGET_V2",
  "validation": "",
  "version": 2,
  "widgetId": "bh9k7ji1le",
  "widgetName": "inp_phone"
}