{
  "accentColor": "{{appsmith.theme.colors.primaryColor}}",
  "animateLoading": true,
  "autoFocus": false,
  "borderRadius": "0.375rem",
  "bottomRow": 35,
  "boxShadow": "none",
  "defaultText": "{{getUserJSObject.userData.data.user.tagline ? getUserJSObject.userData.data.user.tagline : \"\"}}",
  "displayName": "Input",
  "dynamicBindingPathList": [
    {
      "key": "accentColor"
    },
    {
      "key": "defaultText"
    }
  ],
  "dynamicHeight": "FIXED",
  "dynamicTriggerPathList": [],
  "hideCard": false,
  "iconAlign": "left",
  "iconSVG": "/static/media/icon.9f505595da61a34f563dba82adeb06ec.svg",
  "inputType": "TEXT",
  "isDeprecated": false,
  "isDisabled": false,
  "isLoading": false,
  "isRequired": true,
  "isVisible": true,
  "key": "j65kqedbz9",
  "label": "Tagline",
  "labelAlignment": "left",
  "labelPosition": "Top",
  "labelStyle": "BOLD",
  "labelTextSize": "1rem",
  "labelWidth": 5,
  "leftColumn": 1,
  "maxChars": "100\n",
  "maxDynamicHeight": 9000,
  "minDynamicHeight": 4,
  "originalBottomRow": 34,
  "originalTopRow": 27,
  "parentColumnSpace": 12.0732421875,
  "parentId": "hnice2rhm7",
  "parentRowSpace": 10,
  "placeholderText": "Enter a tagline (Ex. Software Engineer, HSC Student etc.)",
  "renderMode": "CANVAS",
  "resetOnSubmit": true,
  "rightColumn": 63,
  "searchTags": [
    "form",
    "text input",
    "number",
    "textarea"
  ],
  "showStepArrows": false,
  "topRow": 28,
  "type": "INPUT_WIDGET_V2",
  "version": 2,
  "widgetId": "d9kazb40zc",
  "widgetName": "inp_tagline"
}