{
  "accentColor": "{{appsmith.theme.colors.primaryColor}}",
  "animateLoading": true,
  "borderRadius": "0.375rem",
  "bottomRow": 58,
  "boxShadow": "none",
  "defaultOptionValue": "{{ ((options, serverSideFiltering) => ( getUserJSObject.userData.data.user.gender ? getUserJSObject.userData.data.user.gender : \"\"))(inp_gender.options, inp_gender.serverSideFiltering) }}",
  "displayName": "Select",
  "dynamicBindingPathList": [
    {
      "key": "accentColor"
    },
    {
      "key": "defaultOptionValue"
    }
  ],
  "dynamicHeight": "FIXED",
  "dynamicPropertyPathList": [
    {
      "key": "sourceData"
    }
  ],
  "dynamicTriggerPathList": [],
  "hideCard": false,
  "iconSVG": "/static/media/icon.c94480439adb48de6883bb496aa5ef7d.svg",
  "isDeprecated": false,
  "isDisabled": false,
  "isFilterable": false,
  "isLoading": false,
  "isRequired": false,
  "isVisible": true,
  "key": "3oyqi2wf7a",
  "labelAlignment": "left",
  "labelPosition": "Top",
  "labelStyle": "BOLD",
  "labelText": "Gender",
  "labelTextSize": "1rem",
  "labelWidth": 5,
  "leftColumn": 1,
  "maxDynamicHeight": 9000,
  "minDynamicHeight": 4,
  "minWidth": 450,
  "mobileBottomRow": 38,
  "mobileLeftColumn": 21,
  "mobileRightColumn": 41,
  "mobileTopRow": 31,
  "needsErrorInfo": false,
  "onCanvasUI": {
    "disableParentSelection": false,
    "focusBGCSSVar": "--on-canvas-ui-widget-focus",
    "focusColorCSSVar": "--on-canvas-ui-widget-selection",
    "selectionBGCSSVar": "--on-canvas-ui-widget-selection",
    "selectionColorCSSVar": "--on-canvas-ui-widget-focus"
  },
  "optionLabel": "name",
  "optionValue": "code",
  "originalBottomRow": 58,
  "originalTopRow": 51,
  "parentColumnSpace": 18.880859375,
  "parentId": "hnice2rhm7",
  "parentRowSpace": 10,
  "placeholderText": "Select gender",
  "renderMode": "CANVAS",
  "responsiveBehavior": "fill",
  "rightColumn": 30,
  "searchTags": [
    "dropdown"
  ],
  "serverSideFiltering": false,
  "sourceData": "[\n  {\n    \"name\": \"Male\",\n    \"code\": \"Male\"\n  },\n  {\n    \"name\": \"Female\",\n    \"code\": \"Female\"\n  }\n]",
  "tags": [
    "Suggested",
    "Select"
  ],
  "thumbnailSVG": "/static/media/thumbnail.9aef24cb159e9c6e4d0f1d7ca4fb0c79.svg",
  "topRow": 51,
  "type": "SELECT_WIDGET",
  "version": 1,
  "widgetId": "ypheetrph5",
  "widgetName": "inp_gender"
}