{
  "animateLoading": true,
  "borderRadius": "{{appsmith.theme.borderRadius.appBorderRadius}}",
  "bottomRow": 133,
  "dynamicBindingPathList": [
    {
      "key": "truncateButtonColor"
    },
    {
      "key": "fontFamily"
    },
    {
      "key": "borderRadius"
    },
    {
      "key": "text"
    },
    {
      "key": "isVisible"
    }
  ],
  "dynamicHeight": "AUTO_HEIGHT",
  "dynamicPropertyPathList": [
    {
      "key": "isVisible"
    }
  ],
  "dynamicTriggerPathList": [],
  "fontFamily": "{{appsmith.theme.fontFamily.appFont}}",
  "fontSize": "0.875rem",
  "fontStyle": "",
  "isLoading": false,
  "isVisible": "{{addEducationAndExperience.alert ? true : false}}",
  "key": "oo3s6qvgd5",
  "leftColumn": 1,
  "maxDynamicHeight": 9000,
  "minDynamicHeight": 4,
  "minWidth": 450,
  "mobileBottomRow": 77,
  "mobileLeftColumn": 24,
  "mobileRightColumn": 40,
  "mobileTopRow": 73,
  "needsErrorInfo": false,
  "originalBottomRow": 133,
  "originalTopRow": 129,
  "overflow": "NONE",
  "parentColumnSpace": 19.8125,
  "parentId": "hnice2rhm7",
  "parentRowSpace": 10,
  "renderMode": "CANVAS",
  "responsiveBehavior": "fill",
  "rightColumn": 64,
  "shouldTruncate": false,
  "text": "{{addEducationAndExperience.alert}}",
  "textAlign": "CENTER",
  "textColor": "#ef4444",
  "topRow": 129,
  "truncateButtonColor": "{{appsmith.theme.colors.primaryColor}}",
  "type": "TEXT_WIDGET",
  "version": 1,
  "widgetId": "ffy5y5pn5a",
  "widgetName": "Text42CopyCopy"
}