{
  "gitSyncId": "669e2437c1686e0970b3aff6_59107bd9-0f64-4eed-8f75-1262d9f2849d",
  "id": "ApprovalList(foradmins)_gettinguserslistforapproval",
  "pluginId": "postgres-plugin",
  "pluginType": "DB",
  "unpublishedAction": {
    "actionConfiguration": {
      "body": "select * from  profiles where membership_id in (SELECT membership_id from memberships where status_id = 1);",
      "encodeParamsToggle": true,
      "paginationType": "NONE",
      "pluginSpecifiedTemplates": [
        {
          "value": true
        }
      ],
      "timeoutInMillisecond": 10000
    },
    "confirmBeforeExecute": false,
    "datasource": {
      "id": "Community Portal Database",
      "isAutoGenerated": false,
      "name": "Community Portal Database",
      "pluginId": "postgres-plugin"
    },
    "dynamicBindingPathList": [],
    "executeOnLoad": true,
    "name": "gettinguserslistforapproval",
    "pageId": "ApprovalList(foradmins)",
    "userSetOnLoad": false
  }
}