{
  "gitSyncId": "66f4e75573f83b5809d9de24_e40f5d06-81d7-4f3a-869b-8e48354694dc",
  "id": "EditOrganizationPage_updateOrganization",
  "pluginId": "postgres-plugin",
  "pluginType": "DB",
  "unpublishedAction": {
    "actionConfiguration": {
      "body": "UPDATE organizations\nSET \n    image = {{inp_image.model.image ? `${inp_image.model.image}` : NaN }},\n    name = '{{inp_name.text}}',\n    phone_number = '{{inp_phone.text}}',\n    email = '{{inp_email.text}}',\n    address = '{{inp_address.text}}',\n    description = {{inp_about ? `${inp_about.text}` : NaN}},\n\t\tinstitution_id = {{isInstitute.isSwitchedOn? inp_institute.selectedOptionValue : NaN}},\n    status = 'updated'\nWHERE\n    organization_id = {{organizationJSObject.organizationData.data.organization.organization_id}}\nRETURNING *;",
      "encodeParamsToggle": true,
      "paginationType": "NONE",
      "pluginSpecifiedTemplates": [
        {
          "value": true
        }
      ],
      "timeoutInMillisecond": 10000
    },
    "confirmBeforeExecute": false,
    "datasource": {
      "id": "Community Portal Database",
      "isAutoGenerated": false,
      "name": "Community Portal Database",
      "pluginId": "postgres-plugin"
    },
    "dynamicBindingPathList": [
      {
        "key": "body"
      }
    ],
    "executeOnLoad": false,
    "name": "updateOrganization",
    "pageId": "EditOrganizationPage",
    "userSetOnLoad": false
  }
}