{
  "accentColor": "{{appsmith.theme.colors.primaryColor}}",
  "animateLoading": true,
  "autoFocus": false,
  "borderRadius": "0.375rem",
  "bottomRow": 36,
  "boxShadow": "none",
  "defaultText": "{{institutionJSObject.institutionData.data.institution.phone_number ? institutionJSObject.institutionData.data.institution.phone_number : ''}}",
  "displayName": "Input",
  "dynamicBindingPathList": [
    {
      "key": "accentColor"
    },
    {
      "key": "defaultText"
    }
  ],
  "dynamicHeight": "FIXED",
  "dynamicTriggerPathList": [],
  "hideCard": false,
  "iconAlign": "left",
  "iconSVG": "/static/media/icon.9f505595da61a34f563dba82adeb06ec.svg",
  "inputType": "NUMBER",
  "isDeprecated": false,
  "isDisabled": false,
  "isLoading": false,
  "isRequired": false,
  "isVisible": true,
  "key": "j65kqedbz9",
  "label": "Phone Number",
  "labelAlignment": "left",
  "labelPosition": "Top",
  "labelStyle": "BOLD",
  "labelTextSize": "1rem",
  "labelWidth": 5,
  "leftColumn": 1,
  "maxDynamicHeight": 9000,
  "minDynamicHeight": 4,
  "originalBottomRow": 44,
  "originalTopRow": 36,
  "parentColumnSpace": 12.0732421875,
  "parentId": "xeegsdl40z",
  "parentRowSpace": 10,
  "placeholderText": "Enter institution's phone number",
  "regex": "^(\\+1\\s?)?(\\([2-9]\\d{2}\\)|[2-9]\\d{2})[\\s.-]?\\d{3}[\\s.-]?\\d{4}$",
  "renderMode": "CANVAS",
  "resetOnSubmit": true,
  "rightColumn": 30,
  "searchTags": [
    "form",
    "text input",
    "number",
    "textarea"
  ],
  "shouldAllowAutofill": false,
  "showStepArrows": false,
  "topRow": 28,
  "type": "INPUT_WIDGET_V2",
  "version": 2,
  "widgetId": "ffmbhkdakm",
  "widgetName": "inp_phone"
}