{
  "gitSyncId": "66f4e75573f83b5809d9de24_fdbffb43-f881-4360-8b1a-6a898d24bfa2",
  "id": "ConnectionRequestsPage_rejectRequest",
  "pluginId": "postgres-plugin",
  "pluginType": "DB",
  "unpublishedAction": {
    "actionConfiguration": {
      "body": "UPDATE connection_requests\nSET status = 'rejected'\nWHERE id = {{this.params.id}};",
      "encodeParamsToggle": true,
      "paginationType": "NONE",
      "pluginSpecifiedTemplates": [
        {
          "value": true
        }
      ],
      "timeoutInMillisecond": 10000
    },
    "confirmBeforeExecute": false,
    "datasource": {
      "id": "Community Portal Database",
      "isAutoGenerated": false,
      "name": "Community Portal Database",
      "pluginId": "postgres-plugin"
    },
    "dynamicBindingPathList": [
      {
        "key": "body"
      }
    ],
    "executeOnLoad": false,
    "name": "rejectRequest",
    "pageId": "ConnectionRequestsPage",
    "userSetOnLoad": false
  }
}