{
  "gitSyncId": "6715e2bb73f83b5809d9ebd1_11ca54db-cba3-45fd-829f-e304874fdd20",
  "id": "AfterActivationLinkLandingPage_activateMembership",
  "pluginId": "postgres-plugin",
  "pluginType": "DB",
  "unpublishedAction": {
    "actionConfiguration": {
      "body": "update memberships set status_id = 2 where membership_id = {{this.params.membership_id}}",
      "encodeParamsToggle": true,
      "paginationType": "NONE",
      "pluginSpecifiedTemplates": [
        {
          "value": true
        }
      ],
      "timeoutInMillisecond": 10000
    },
    "confirmBeforeExecute": false,
    "datasource": {
      "id": "Community Portal Database",
      "isAutoGenerated": false,
      "name": "Community Portal Database",
      "pluginId": "postgres-plugin"
    },
    "dynamicBindingPathList": [
      {
        "key": "body"
      }
    ],
    "executeOnLoad": false,
    "name": "activateMembership",
    "pageId": "AfterActivationLinkLandingPage",
    "userSetOnLoad": false
  }
}