{
  "gitSyncId": "66ebb00d73f83b5809d9d9a4_1d93b6c0-ff2e-45bf-ba84-117513c614df",
  "id": "EditMemberProfilePage_addEducationAndExperience.modifyUser",
  "pluginId": "js-plugin",
  "pluginType": "JS",
  "unpublishedAction": {
    "actionConfiguration": {
      "encodeParamsToggle": true,
      "jsArguments": [],
      "paginationType": "NONE",
      "timeoutInMillisecond": 10000
    },
    "collectionId": "EditMemberProfilePage_addEducationAndExperience",
    "confirmBeforeExecute": false,
    "datasource": {
      "isAutoGenerated": false,
      "name": "UNUSED_DATASOURCE",
      "pluginId": "js-plugin"
    },
    "dynamicBindingPathList": [
      {
        "key": "body"
      }
    ],
    "executeOnLoad": false,
    "fullyQualifiedName": "addEducationAndExperience.modifyUser",
    "name": "modifyUser",
    "pageId": "EditMemberProfilePage",
    "userSetOnLoad": false
  }
}