{
  "gitSyncId": "66f4e75573f83b5809d9de24_9afa7f5c-b7af-42f6-bfe3-b8ede413935e",
  "id": "FindMyConnectPage_fetch_results",
  "pluginId": "postgres-plugin",
  "pluginType": "DB",
  "unpublishedAction": {
    "actionConfiguration": {
      "body": "SELECT * \nFROM profiles \nWHERE \n    ({{this.params.profileIdArray.length}} = 0 OR profile_id = ANY({{this.params.profileIdArray}}))\nAND LOWER(REPLACE(TRIM(profile_name), ' ', '')) \n    LIKE '%' || LOWER(REPLACE(TRIM({{inp_search.text}}), ' ', '')) || '%';\n",
      "encodeParamsToggle": true,
      "paginationType": "NONE",
      "pluginSpecifiedTemplates": [
        {
          "value": true
        }
      ],
      "timeoutInMillisecond": 10000
    },
    "confirmBeforeExecute": false,
    "datasource": {
      "id": "Community Portal Database",
      "isAutoGenerated": false,
      "name": "Community Portal Database",
      "pluginId": "postgres-plugin"
    },
    "dynamicBindingPathList": [
      {
        "key": "body"
      }
    ],
    "executeOnLoad": false,
    "name": "fetch_results",
    "pageId": "FindMyConnectPage",
    "userSetOnLoad": false
  }
}