{
  "gitSyncId": "6715e2bb73f83b5809d9ebd1_7fb550db-80c1-4c3b-b0ca-34bb3238ed39",
  "id": "AfterActivationLinkLandingPage_LoginJSObject.createHash",
  "pluginId": "js-plugin",
  "pluginType": "JS",
  "unpublishedAction": {
    "actionConfiguration": {
      "encodeParamsToggle": true,
      "jsArguments": [
        {
          "name": "password"
        }
      ],
      "paginationType": "NONE",
      "timeoutInMillisecond": 10000
    },
    "collectionId": "AfterActivationLinkLandingPage_LoginJSObject",
    "confirmBeforeExecute": false,
    "datasource": {
      "isAutoGenerated": false,
      "name": "UNUSED_DATASOURCE",
      "pluginId": "js-plugin"
    },
    "dynamicBindingPathList": [
      {
        "key": "body"
      }
    ],
    "executeOnLoad": false,
    "fullyQualifiedName": "LoginJSObject.createHash",
    "name": "createHash",
    "pageId": "AfterActivationLinkLandingPage",
    "userSetOnLoad": false
  }
}