{
  "gitSyncId": "66f4e75573f83b5809d9de24_45f2c1ab-6399-4e59-a926-6f8d427a1bb4",
  "id": "FindMyConnectPage_fetch_institutions",
  "pluginId": "postgres-plugin",
  "pluginType": "DB",
  "unpublishedAction": {
    "actionConfiguration": {
      "body": "SELECT * from institutions where isschool = FALSE;",
      "encodeParamsToggle": true,
      "paginationType": "NONE",
      "pluginSpecifiedTemplates": [
        {
          "value": true
        }
      ],
      "timeoutInMillisecond": 10000
    },
    "confirmBeforeExecute": false,
    "datasource": {
      "id": "Community Portal Database",
      "isAutoGenerated": false,
      "name": "Community Portal Database",
      "pluginId": "postgres-plugin"
    },
    "dynamicBindingPathList": [],
    "executeOnLoad": true,
    "name": "fetch_institutions",
    "pageId": "FindMyConnectPage",
    "userSetOnLoad": false
  }
}