{
  "gitSyncId": "66ebb00d73f83b5809d9d9a4_78c77ed3-59f4-4a98-987a-ea6d7528ba60",
  "id": "EditMemberProfilePage_addOrganization",
  "pluginId": "postgres-plugin",
  "pluginType": "DB",
  "unpublishedAction": {
    "actionConfiguration": {
      "body": "INSERT INTO organizations (name, institution_id) values ({{this.params.organization_name.replace(new RegExp(\"'\", \"gm\"), \"''\")}}, {{this.params.institution_id}}) RETURNING organization_id;",
      "encodeParamsToggle": true,
      "paginationType": "NONE",
      "pluginSpecifiedTemplates": [
        {
          "value": true
        }
      ],
      "timeoutInMillisecond": 10000
    },
    "confirmBeforeExecute": false,
    "datasource": {
      "id": "Community Portal Database",
      "isAutoGenerated": false,
      "name": "Community Portal Database",
      "pluginId": "postgres-plugin"
    },
    "dynamicBindingPathList": [
      {
        "key": "body"
      }
    ],
    "executeOnLoad": false,
    "name": "addOrganization",
    "pageId": "EditMemberProfilePage",
    "userSetOnLoad": false
  }
}