{
  "gitSyncId": "66f4e75573f83b5809d9de24_14145e2a-80e0-4744-a753-d836442ace7e",
  "id": "AddMemberPage_passwordHasing.createHash",
  "pluginId": "js-plugin",
  "pluginType": "JS",
  "unpublishedAction": {
    "actionConfiguration": {
      "encodeParamsToggle": true,
      "jsArguments": [
        {
          "name": "password"
        }
      ],
      "paginationType": "NONE",
      "timeoutInMillisecond": 10000
    },
    "collectionId": "AddMemberPage_passwordHasing",
    "confirmBeforeExecute": false,
    "datasource": {
      "isAutoGenerated": false,
      "name": "UNUSED_DATASOURCE",
      "pluginId": "js-plugin"
    },
    "dynamicBindingPathList": [
      {
        "key": "body"
      }
    ],
    "executeOnLoad": false,
    "fullyQualifiedName": "passwordHasing.createHash",
    "name": "createHash",
    "pageId": "AddMemberPage",
    "userSetOnLoad": false
  }
}