{
  "gitSyncId": "66e1b24a73f83b5809d9d6b5_a8dd676a-107a-4fe8-b1a4-6fd5e387c3d3",
  "id": "EditProfilePage_addEducation",
  "pluginId": "postgres-plugin",
  "pluginType": "DB",
  "unpublishedAction": {
    "actionConfiguration": {
      "body": "INSERT INTO education_details (profile_id, institution_id, degree,specialization, start_date, end_date, marks,  currently_pursuing)\nVALUES ({{this.params.user_id}}, {{this.params.institution_id}} , {{this.params.degree}} ,{{this.params.specialization}}, {{this.params.start_date}}, {{this.params.end_date}}, {{this.params.marks}}, {{this.params.currently_pursuing}});",
      "encodeParamsToggle": true,
      "paginationType": "NONE",
      "pluginSpecifiedTemplates": [
        {
          "value": true
        }
      ],
      "timeoutInMillisecond": 10000
    },
    "confirmBeforeExecute": false,
    "datasource": {
      "id": "Community Portal Database",
      "isAutoGenerated": false,
      "name": "Community Portal Database",
      "pluginId": "postgres-plugin"
    },
    "dynamicBindingPathList": [
      {
        "key": "body"
      }
    ],
    "executeOnLoad": false,
    "name": "addEducation",
    "pageId": "EditProfilePage",
    "userSetOnLoad": false
  }
}