{
  "gitSyncId": "66f4e75573f83b5809d9de24_9c207543-4d17-4794-a639-4245d2d4eecd",
  "id": "AddMemberPage_submitRequest.addUser",
  "pluginId": "js-plugin",
  "pluginType": "JS",
  "unpublishedAction": {
    "actionConfiguration": {
      "encodeParamsToggle": true,
      "jsArguments": [],
      "paginationType": "NONE",
      "timeoutInMillisecond": 10000
    },
    "collectionId": "AddMemberPage_submitRequest",
    "confirmBeforeExecute": false,
    "datasource": {
      "isAutoGenerated": false,
      "name": "UNUSED_DATASOURCE",
      "pluginId": "js-plugin"
    },
    "dynamicBindingPathList": [
      {
        "key": "body"
      }
    ],
    "executeOnLoad": false,
    "fullyQualifiedName": "submitRequest.addUser",
    "name": "addUser",
    "pageId": "AddMemberPage",
    "userSetOnLoad": false
  }
}