{
  "gitSyncId": "66f4e75573f83b5809d9de24_a3c146c2-ec06-4e13-a594-94116e371f99",
  "id": "ConnectionRequestsPage_requestsJSObject.requests",
  "pluginId": "js-plugin",
  "pluginType": "JS",
  "unpublishedAction": {
    "actionConfiguration": {
      "encodeParamsToggle": true,
      "jsArguments": [],
      "paginationType": "NONE",
      "timeoutInMillisecond": 10000
    },
    "clientSideExecution": true,
    "collectionId": "ConnectionRequestsPage_requestsJSObject",
    "confirmBeforeExecute": false,
    "datasource": {
      "isAutoGenerated": false,
      "name": "UNUSED_DATASOURCE",
      "pluginId": "js-plugin"
    },
    "dynamicBindingPathList": [
      {
        "key": "body"
      }
    ],
    "executeOnLoad": true,
    "fullyQualifiedName": "requestsJSObject.requests",
    "name": "requests",
    "pageId": "ConnectionRequestsPage",
    "userSetOnLoad": false
  }
}