{
  "animateLoading": true,
  "backgroundColor": "white",
  "borderColor": "#E0DEDE",
  "borderRadius": "0.375rem",
  "borderWidth": "1",
  "bottomRow": 16,
  "boxShadow": "0 10px 15px -3px rgba(0, 0, 0, 0.1), 0 4px 6px -2px rgba(0, 0, 0, 0.05)",
  "children": [
    {
      "borderRadius": "{{appsmith.theme.borderRadius.appBorderRadius}}",
      "bottomRow": 160,
      "boxShadow": "{{appsmith.theme.boxShadow.appBoxShadow}}",
      "canExtend": false,
      "containerStyle": "none",
      "detachFromLayout": true,
      "dynamicBindingPathList": [
        {
          "key": "borderRadius"
        },
        {
          "key": "boxShadow"
        }
      ],
      "dynamicHeight": "AUTO_HEIGHT",
      "flexLayers": [],
      "isLoading": false,
      "isVisible": true,
      "key": "dknobx5d94",
      "leftColumn": 0,
      "maxDynamicHeight": 9000,
      "minDynamicHeight": 4,
      "minWidth": 450,
      "mobileLeftColumn": 0,
      "mobileTopRow": 0,
      "needsErrorInfo": false,
      "parentColumnSpace": 1,
      "parentId": "80te38755a",
      "parentRowSpace": 1,
      "renderMode": "CANVAS",
      "responsiveBehavior": "fill",
      "topRow": 0,
      "type": "CANVAS_WIDGET",
      "useAutoLayout": false,
      "version": 1,
      "widgetId": "mux292dxpe",
      "widgetName": "Canvas19"
    }
  ],
  "containerStyle": "card",
  "disabledWidgetFeatures": [
    "dynamicHeight"
  ],
  "disallowCopy": true,
  "dragDisabled": true,
  "dynamicBindingPathList": [],
  "dynamicHeight": "FIXED",
  "dynamicTriggerPathList": [],
  "flexVerticalAlignment": "stretch",
  "isCanvas": true,
  "isDeletable": false,
  "isListItemContainer": true,
  "isLoading": false,
  "isVisible": true,
  "key": "dhx5celbdc",
  "leftColumn": 0,
  "maxDynamicHeight": 9000,
  "minDynamicHeight": 10,
  "minWidth": 450,
  "mobileBottomRow": 12,
  "mobileLeftColumn": 0,
  "mobileRightColumn": 64,
  "mobileTopRow": 0,
  "needsErrorInfo": false,
  "noContainerOffset": true,
  "parentId": "0i523wuigc",
  "positioning": "fixed",
  "renderMode": "CANVAS",
  "responsiveBehavior": "fill",
  "rightColumn": 64,
  "shouldScrollContents": false,
  "topRow": 0,
  "type": "CONTAINER_WIDGET",
  "version": 1,
  "widgetId": "80te38755a",
  "widgetName": "Container1"
}