{
  "animateLoading": true,
  "borderRadius": "1.5rem",
  "bottomRow": 8,
  "boxShadow": "none",
  "buttonColor": "#22c55e",
  "buttonVariant": "PRIMARY",
  "dynamicBindingPathList": [],
  "dynamicHeight": "FIXED",
  "dynamicTriggerPathList": [
    {
      "key": "onClick"
    }
  ],
  "iconName": "tick",
  "isDisabled": false,
  "isLoading": false,
  "isVisible": true,
  "key": "9swsswa2p0",
  "leftColumn": 58,
  "minWidth": 50,
  "mobileBottomRow": 7,
  "mobileLeftColumn": 54,
  "mobileRightColumn": 58,
  "mobileTopRow": 3,
  "needsErrorInfo": false,
  "onClick": "{{approveRequest.run({\n  \"id\": currentItem.id\n}).then(() => {\n  requestsJSObject.requests();\n});}}",
  "parentColumnSpace": 18.755859375,
  "parentId": "mux292dxpe",
  "parentRowSpace": 10,
  "renderMode": "CANVAS",
  "responsiveBehavior": "hug",
  "rightColumn": 61,
  "topRow": 2,
  "type": "ICON_BUTTON_WIDGET",
  "version": 1,
  "widgetId": "5my7ns5r4h",
  "widgetName": "IconButton1"
}