{
  "animateLoading": true,
  "borderRadius": "{{appsmith.theme.borderRadius.appBorderRadius}}",
  "bottomRow": 13,
  "boxShadow": "none",
  "dynamicBindingPathList": [
    {
      "key": "borderRadius"
    },
    {
      "key": "text"
    }
  ],
  "dynamicHeight": "FIXED",
  "dynamicTriggerPathList": [],
  "fontFamily": "Inter",
  "fontSize": "0.875rem",
  "fontStyle": "",
  "isLoading": false,
  "isVisible": true,
  "key": "81ghg7ei48",
  "leftColumn": 1,
  "maxDynamicHeight": 9000,
  "minDynamicHeight": 4,
  "minWidth": 450,
  "mobileBottomRow": 4,
  "mobileLeftColumn": 16,
  "mobileRightColumn": 28,
  "mobileTopRow": 0,
  "needsErrorInfo": false,
  "overflow": "NONE",
  "parentId": "mux292dxpe",
  "renderMode": "CANVAS",
  "responsiveBehavior": "fill",
  "rightColumn": 63,
  "shouldTruncate": false,
  "text": "{{currentItem.reason}}",
  "textAlign": "LEFT",
  "textColor": "#231f20",
  "textStyle": "HEADING",
  "topRow": 9,
  "truncateButtonColor": "#7e22ce",
  "type": "TEXT_WIDGET",
  "version": 1,
  "widgetId": "9ym48zkhyn",
  "widgetName": "Text2Copy1Copy1"
}