{
  "animateLoading": true,
  "borderRadius": "{{appsmith.theme.borderRadius.appBorderRadius}}",
  "bottomRow": 7,
  "boxShadow": "none",
  "dynamicBindingPathList": [
    {
      "key": "text"
    },
    {
      "key": "borderRadius"
    },
    {
      "key": "text"
    }
  ],
  "dynamicHeight": "FIXED",
  "dynamicPropertyPathList": [],
  "dynamicTriggerPathList": [],
  "fontFamily": "Inter",
  "fontSize": "1.25rem",
  "fontStyle": "BOLD",
  "isLoading": false,
  "isVisible": true,
  "key": "81ghg7ei48",
  "leftColumn": 33,
  "maxDynamicHeight": 9000,
  "minDynamicHeight": 4,
  "minWidth": 450,
  "mobileBottomRow": 4,
  "mobileLeftColumn": 16,
  "mobileRightColumn": 28,
  "mobileTopRow": 0,
  "needsErrorInfo": false,
  "overflow": "NONE",
  "parentId": "mux292dxpe",
  "renderMode": "CANVAS",
  "responsiveBehavior": "fill",
  "rightColumn": 46,
  "shouldTruncate": false,
  "text": "{{currentItem.requested.profile_name}}",
  "textAlign": "LEFT",
  "textColor": "#7e22ce",
  "textStyle": "HEADING",
  "topRow": 3,
  "truncateButtonColor": "#7e22ce",
  "type": "TEXT_WIDGET",
  "version": 1,
  "widgetId": "st4up0wmk8",
  "widgetName": "Text2Copy"
}