{
  "gitSyncId": "66e1b24a73f83b5809d9d6b5_040e03f0-a3ee-4af7-b572-0ba77e6672be",
  "id": "EditProfilePage_getWorkexsJSObject.workexData",
  "pluginId": "js-plugin",
  "pluginType": "JS",
  "unpublishedAction": {
    "actionConfiguration": {
      "encodeParamsToggle": true,
      "jsArguments": [],
      "paginationType": "NONE",
      "timeoutInMillisecond": 10000
    },
    "collectionId": "EditProfilePage_getWorkexsJSObject",
    "confirmBeforeExecute": false,
    "datasource": {
      "isAutoGenerated": false,
      "name": "UNUSED_DATASOURCE",
      "pluginId": "js-plugin"
    },
    "dynamicBindingPathList": [
      {
        "key": "body"
      }
    ],
    "executeOnLoad": true,
    "fullyQualifiedName": "getWorkexsJSObject.workexData",
    "name": "workexData",
    "pageId": "EditProfilePage",
    "userSetOnLoad": false
  }
}