{
  "gitSyncId": "66ebb00d73f83b5809d9d9a4_84f9ab13-0659-4ad1-81c2-9d602dca2b74",
  "id": "EditMemberProfilePage_getEducationsJSObject.educationData",
  "pluginId": "js-plugin",
  "pluginType": "JS",
  "unpublishedAction": {
    "actionConfiguration": {
      "encodeParamsToggle": true,
      "jsArguments": [],
      "paginationType": "NONE",
      "timeoutInMillisecond": 10000
    },
    "collectionId": "EditMemberProfilePage_getEducationsJSObject",
    "confirmBeforeExecute": false,
    "datasource": {
      "isAutoGenerated": false,
      "name": "UNUSED_DATASOURCE",
      "pluginId": "js-plugin"
    },
    "dynamicBindingPathList": [
      {
        "key": "body"
      }
    ],
    "executeOnLoad": true,
    "fullyQualifiedName": "getEducationsJSObject.educationData",
    "name": "educationData",
    "pageId": "EditMemberProfilePage",
    "userSetOnLoad": false
  }
}