{
  "gitSyncId": "66f4e75573f83b5809d9de24_08e0079b-a7f6-4b15-a94c-78ce395626ce",
  "id": "AddMemberPage_passwordHasing.verifyHash",
  "pluginId": "js-plugin",
  "pluginType": "JS",
  "unpublishedAction": {
    "actionConfiguration": {
      "encodeParamsToggle": true,
      "jsArguments": [
        {
          "name": "password"
        },
        {
          "name": "hash"
        }
      ],
      "paginationType": "NONE",
      "timeoutInMillisecond": 10000
    },
    "collectionId": "AddMemberPage_passwordHasing",
    "confirmBeforeExecute": false,
    "datasource": {
      "isAutoGenerated": false,
      "name": "UNUSED_DATASOURCE",
      "pluginId": "js-plugin"
    },
    "dynamicBindingPathList": [
      {
        "key": "body"
      }
    ],
    "executeOnLoad": false,
    "fullyQualifiedName": "passwordHasing.verifyHash",
    "name": "verifyHash",
    "pageId": "AddMemberPage",
    "userSetOnLoad": false
  }
}