{
  "gitSyncId": "66ebb00d73f83b5809d9d9a4_879c6c74-3ab5-40ff-aa04-8bd63b2bcbf4",
  "id": "EditProfilePage_getInstisAndOrgsJSObject.instiAndOrgData",
  "pluginId": "js-plugin",
  "pluginType": "JS",
  "unpublishedAction": {
    "actionConfiguration": {
      "encodeParamsToggle": true,
      "jsArguments": [],
      "paginationType": "NONE",
      "timeoutInMillisecond": 10000
    },
    "collectionId": "EditProfilePage_getInstisAndOrgsJSObject",
    "confirmBeforeExecute": false,
    "datasource": {
      "isAutoGenerated": false,
      "name": "UNUSED_DATASOURCE",
      "pluginId": "js-plugin"
    },
    "dynamicBindingPathList": [
      {
        "key": "body"
      }
    ],
    "executeOnLoad": true,
    "fullyQualifiedName": "getInstisAndOrgsJSObject.instiAndOrgData",
    "name": "instiAndOrgData",
    "pageId": "EditProfilePage",
    "userSetOnLoad": false
  }
}