{
  "gitSyncId": "66f4e75573f83b5809d9de24_7c82fd3f-df5c-4ff1-b429-2b5ad9c95457",
  "unpublishedPage": {
    "isHidden": false,
    "layouts": [
      {
        "dsl": {
          "backgroundColor": "none",
          "bottomRow": 1080,
          "canExtend": true,
          "containerStyle": "none",
          "detachFromLayout": true,
          "dynamicBindingPathList": [],
          "dynamicTriggerPathList": [],
          "leftColumn": 0,
          "minHeight": 850,
          "parentColumnSpace": 1,
          "parentRowSpace": 1,
          "rightColumn": 1160,
          "snapColumns": 64,
          "snapRows": 104,
          "topRow": 0,
          "type": "CANVAS_WIDGET",
          "version": 89,
          "widgetId": "0",
          "widgetName": "MainContainer"
        }
      }
    ],
    "name": "FindMyConnectPage",
    "slug": "findmyconnectpage"
  }
}