{
  "gitSyncId": "669e2437c1686e0970b3aff6_0d930972-774e-43df-871b-9dac41ca7319",
  "id": "ApprovalList(foradmins)_userRejected",
  "pluginId": "postgres-plugin",
  "pluginType": "DB",
  "unpublishedAction": {
    "actionConfiguration": {
      "body": "UPDATE memberships\nSET  \n\t\tstatus_id = 4\nWHERE \n    membership_id = {{usersList.model.selectedUser.membership_id }};",
      "encodeParamsToggle": true,
      "paginationType": "NONE",
      "pluginSpecifiedTemplates": [
        {
          "value": true
        }
      ],
      "timeoutInMillisecond": 10000
    },
    "confirmBeforeExecute": false,
    "datasource": {
      "id": "Community Portal Database",
      "isAutoGenerated": false,
      "name": "Community Portal Database",
      "pluginId": "postgres-plugin"
    },
    "dynamicBindingPathList": [
      {
        "key": "body"
      }
    ],
    "executeOnLoad": false,
    "name": "userRejected",
    "pageId": "ApprovalList(foradmins)",
    "userSetOnLoad": false
  }
}