{
  "gitSyncId": "66ebb00d73f83b5809d9d9a4_2d09bf72-bffa-4fe4-980f-37c575b3e48a",
  "id": "EditMemberProfilePage_fetchOrganizations",
  "pluginId": "postgres-plugin",
  "pluginType": "DB",
  "unpublishedAction": {
    "actionConfiguration": {
      "body": "SELECT organization_id, name, institution_id FROM organizations;",
      "encodeParamsToggle": true,
      "paginationType": "NONE",
      "pluginSpecifiedTemplates": [
        {
          "value": true
        }
      ],
      "timeoutInMillisecond": 10000
    },
    "confirmBeforeExecute": false,
    "datasource": {
      "id": "Community Portal Database",
      "isAutoGenerated": false,
      "name": "Community Portal Database",
      "pluginId": "postgres-plugin"
    },
    "dynamicBindingPathList": [],
    "executeOnLoad": true,
    "name": "fetchOrganizations",
    "pageId": "EditMemberProfilePage",
    "userSetOnLoad": false
  }
}