{
  "gitSyncId": "670e3e4173f83b5809d9e7c2_5772a7ea-0921-4448-9ef7-0f12d60de115",
  "id": "ChangePasswordPage_ChangePasswordJSObject.createHash",
  "pluginId": "js-plugin",
  "pluginType": "JS",
  "unpublishedAction": {
    "actionConfiguration": {
      "encodeParamsToggle": true,
      "jsArguments": [
        {
          "name": "password"
        }
      ],
      "paginationType": "NONE",
      "timeoutInMillisecond": 10000
    },
    "collectionId": "ChangePasswordPage_ChangePasswordJSObject",
    "confirmBeforeExecute": false,
    "datasource": {
      "isAutoGenerated": false,
      "name": "UNUSED_DATASOURCE",
      "pluginId": "js-plugin"
    },
    "dynamicBindingPathList": [
      {
        "key": "body"
      }
    ],
    "executeOnLoad": false,
    "fullyQualifiedName": "ChangePasswordJSObject.createHash",
    "name": "createHash",
    "pageId": "ChangePasswordPage",
    "userSetOnLoad": false
  }
}