{
  "gitSyncId": "670e3e4173f83b5809d9e7c2_d5b207b9-8471-4e29-b20d-2bc6797522b0",
  "id": "ChangePasswordPage_ChangePasswordJSObject.verifyoldpassword",
  "pluginId": "js-plugin",
  "pluginType": "JS",
  "unpublishedAction": {
    "actionConfiguration": {
      "encodeParamsToggle": true,
      "jsArguments": [],
      "paginationType": "NONE",
      "timeoutInMillisecond": 10000
    },
    "collectionId": "ChangePasswordPage_ChangePasswordJSObject",
    "confirmBeforeExecute": false,
    "datasource": {
      "isAutoGenerated": false,
      "name": "UNUSED_DATASOURCE",
      "pluginId": "js-plugin"
    },
    "dynamicBindingPathList": [
      {
        "key": "body"
      }
    ],
    "executeOnLoad": false,
    "fullyQualifiedName": "ChangePasswordJSObject.verifyoldpassword",
    "name": "verifyoldpassword",
    "pageId": "ChangePasswordPage",
    "userSetOnLoad": false
  }
}