{
  "animateLoading": true,
  "backgroundColor": "#ffc404",
  "borderColor": "transparent",
  "borderRadius": "0px",
  "borderWidth": "1",
  "bottomRow": 8,
  "boxShadow": "none",
  "children": [
    {
      "bottomRow": 80,
      "canExtend": false,
      "containerStyle": "none",
      "detachFromLayout": true,
      "displayName": "Canvas",
      "dynamicBindingPathList": [],
      "hideCard": true,
      "isDeprecated": false,
      "isLoading": false,
      "isVisible": true,
      "key": "ixaxa6w985",
      "leftColumn": 0,
      "minHeight": 90,
      "parentColumnSpace": 1,
      "parentId": "7awblnd0vi",
      "parentRowSpace": 1,
      "renderMode": "CANVAS",
      "rightColumn": 475.5,
      "topRow": 0,
      "type": "CANVAS_WIDGET",
      "version": 1,
      "widgetId": "tuoije1y0n",
      "widgetName": "Canvas17"
    }
  ],
  "containerStyle": "card",
  "displayName": "Container",
  "dynamicBindingPathList": [],
  "dynamicHeight": "FIXED",
  "dynamicTriggerPathList": [],
  "hideCard": false,
  "iconSVG": "/static/media/icon.1977dca3370505e2db3a8e44cfd54907.svg",
  "isCanvas": true,
  "isDeprecated": false,
  "isLoading": false,
  "isVisible": true,
  "key": "r9eox4eglz",
  "leftColumn": 0,
  "maxDynamicHeight": 9000,
  "minDynamicHeight": 10,
  "parentColumnSpace": 19.8125,
  "parentId": "0",
  "parentRowSpace": 10,
  "renderMode": "CANVAS",
  "rightColumn": 64,
  "searchTags": [
    "div",
    "parent",
    "group"
  ],
  "shouldScrollContents": false,
  "topRow": 0,
  "type": "CONTAINER_WIDGET",
  "version": 1,
  "widgetId": "7awblnd0vi",
  "widgetName": "Header"
}