{
  "backgroundColor": "white",
  "blueprint": {
    "view": [
      {
        "position": {
          "left": 0,
          "top": 0
        },
        "props": {
          "blueprint": {
            "view": [
              {
                "position": {
                  "left": 0,
                  "top": 0
                },
                "props": {
                  "text": "Form",
                  "textStyle": "HEADING"
                },
                "size": {
                  "cols": 12,
                  "rows": 1
                },
                "type": "TEXT_WIDGET"
              },
              {
                "position": {
                  "left": 12,
                  "top": 11
                },
                "props": {
                  "buttonStyle": "PRIMARY_BUTTON",
                  "disabledWhenInvalid": true,
                  "resetFormOnClick": true,
                  "text": "Submit"
                },
                "size": {
                  "cols": 4,
                  "rows": 1
                },
                "type": "FORM_BUTTON_WIDGET"
              },
              {
                "position": {
                  "left": 8,
                  "top": 11
                },
                "props": {
                  "buttonStyle": "SECONDARY_BUTTON",
                  "disabledWhenInvalid": false,
                  "resetFormOnClick": true,
                  "text": "Reset"
                },
                "size": {
                  "cols": 4,
                  "rows": 1
                },
                "type": "FORM_BUTTON_WIDGET"
              }
            ]
          },
          "canExtend": false,
          "children": [],
          "containerStyle": "none",
          "detachFromLayout": true
        },
        "type": "CANVAS_WIDGET"
      }
    ]
  },
  "borderRadius": "0",
  "bottomRow": 142,
  "boxShadow": "none",
  "children": [
    {
      "blueprint": {
        "view": [
          {
            "position": {
              "left": 0,
              "top": 0
            },
            "props": {
              "text": "Form",
              "textStyle": "HEADING"
            },
            "size": {
              "cols": 12,
              "rows": 1
            },
            "type": "TEXT_WIDGET"
          },
          {
            "position": {
              "left": 12,
              "top": 11
            },
            "props": {
              "buttonStyle": "PRIMARY_BUTTON",
              "disabledWhenInvalid": true,
              "resetFormOnClick": true,
              "text": "Submit"
            },
            "size": {
              "cols": 4,
              "rows": 1
            },
            "type": "FORM_BUTTON_WIDGET"
          },
          {
            "position": {
              "left": 8,
              "top": 11
            },
            "props": {
              "buttonStyle": "SECONDARY_BUTTON",
              "disabledWhenInvalid": false,
              "resetFormOnClick": true,
              "text": "Reset"
            },
            "size": {
              "cols": 4,
              "rows": 1
            },
            "type": "FORM_BUTTON_WIDGET"
          }
        ]
      },
      "borderRadius": "0px",
      "bottomRow": 1340,
      "boxShadow": "none",
      "canExtend": false,
      "containerStyle": "none",
      "detachFromLayout": true,
      "dynamicBindingPathList": [],
      "dynamicHeight": "AUTO_HEIGHT",
      "dynamicTriggerPathList": [],
      "isLoading": false,
      "isVisible": true,
      "labelTextSize": "0.875rem",
      "leftColumn": 0,
      "maxDynamicHeight": 9000,
      "minDynamicHeight": 4,
      "minHeight": 670,
      "parentColumnSpace": 1,
      "parentId": "jl8q4pz21u",
      "parentRowSpace": 1,
      "rightColumn": 2072,
      "shouldScrollContents": true,
      "topRow": 0,
      "type": "CANVAS_WIDGET",
      "version": 1,
      "widgetId": "hnice2rhm7",
      "widgetName": "Canvas1"
    }
  ],
  "dynamicBindingPathList": [],
  "dynamicHeight": "AUTO_HEIGHT",
  "dynamicPropertyPathList": [
    {
      "key": "borderRadius"
    }
  ],
  "dynamicTriggerPathList": [],
  "isLoading": false,
  "isVisible": true,
  "labelTextSize": "0.875rem",
  "leftColumn": 0,
  "maxDynamicHeight": 9000,
  "minDynamicHeight": 4,
  "originalBottomRow": 142,
  "originalTopRow": 8,
  "parentColumnSpace": 74,
  "parentId": "0",
  "parentRowSpace": 40,
  "rightColumn": 64,
  "shouldScrollContents": true,
  "topRow": 8,
  "type": "FORM_WIDGET",
  "version": 1,
  "widgetId": "jl8q4pz21u",
  "widgetName": "application_form"
}