{
  "accentColor": "{{appsmith.theme.colors.primaryColor}}",
  "animateLoading": true,
  "borderRadius": "{{appsmith.theme.borderRadius.appBorderRadius}}",
  "bottomRow": 54,
  "boxShadow": "none",
  "closeOnSelection": true,
  "dateFormat": "DD/MM/YYYY",
  "datePickerType": "DATE_PICKER",
  "defaultDate": "{{getUserJSObject.userData.data.user.birth_date ? getUserJSObject.userData.data.user.birth_date : \"\"}}",
  "dynamicBindingPathList": [
    {
      "key": "accentColor"
    },
    {
      "key": "borderRadius"
    },
    {
      "key": "defaultDate"
    },
    {
      "key": "maxDate"
    }
  ],
  "dynamicHeight": "FIXED",
  "dynamicPropertyPathList": [
    {
      "key": "defaultDate"
    },
    {
      "key": "maxDate"
    }
  ],
  "dynamicTriggerPathList": [],
  "firstDayOfWeek": 0,
  "isDisabled": false,
  "isLoading": false,
  "isRequired": false,
  "isVisible": true,
  "key": "12kw95ev4h",
  "label": "Date of Birth",
  "labelAlignment": "left",
  "labelPosition": "Top",
  "labelStyle": "BOLD",
  "labelTextSize": "1rem",
  "labelWidth": 5,
  "leftColumn": 32,
  "maxDate": "{{new Date().toISOString().slice(0, 7)}}",
  "maxDynamicHeight": 9000,
  "minDynamicHeight": 4,
  "minWidth": 450,
  "mobileBottomRow": 40,
  "mobileLeftColumn": 32,
  "mobileRightColumn": 52,
  "mobileTopRow": 33,
  "needsErrorInfo": false,
  "originalBottomRow": 75,
  "originalTopRow": 68,
  "parentColumnSpace": 17.064453125,
  "parentId": "hnice2rhm7",
  "parentRowSpace": 10,
  "renderMode": "CANVAS",
  "responsiveBehavior": "fill",
  "rightColumn": 63,
  "shortcuts": false,
  "timePrecision": "None",
  "topRow": 47,
  "type": "DATE_PICKER_WIDGET2",
  "version": 2,
  "widgetId": "ijlvvwid8d",
  "widgetName": "inp_dob"
}