{
  "gitSyncId": "670e3e4173f83b5809d9e7c2_f545eefa-c7eb-483e-a7cb-5d60711ac2d9",
  "id": "EditOrganizationPage_updateOrganizationJSObject.removeAlerts",
  "pluginId": "js-plugin",
  "pluginType": "JS",
  "unpublishedAction": {
    "actionConfiguration": {
      "encodeParamsToggle": true,
      "jsArguments": [],
      "paginationType": "NONE",
      "timeoutInMillisecond": 10000
    },
    "collectionId": "EditOrganizationPage_updateOrganizationJSObject",
    "confirmBeforeExecute": false,
    "datasource": {
      "isAutoGenerated": false,
      "name": "UNUSED_DATASOURCE",
      "pluginId": "js-plugin"
    },
    "dynamicBindingPathList": [
      {
        "key": "body"
      }
    ],
    "executeOnLoad": false,
    "fullyQualifiedName": "updateOrganizationJSObject.removeAlerts",
    "name": "removeAlerts",
    "pageId": "EditOrganizationPage",
    "userSetOnLoad": false
  }
}