{
  "gitSyncId": "670e3e4173f83b5809d9e7c2_f2afa6e7-169e-404c-a6d8-73b0608920d3",
  "id": "AddNewInstitutionPage_addInstitutionJSObject.addInstitution",
  "pluginId": "js-plugin",
  "pluginType": "JS",
  "unpublishedAction": {
    "actionConfiguration": {
      "encodeParamsToggle": true,
      "jsArguments": [],
      "paginationType": "NONE",
      "timeoutInMillisecond": 10000
    },
    "collectionId": "AddNewInstitutionPage_addInstitutionJSObject",
    "confirmBeforeExecute": false,
    "datasource": {
      "isAutoGenerated": false,
      "name": "UNUSED_DATASOURCE",
      "pluginId": "js-plugin"
    },
    "dynamicBindingPathList": [
      {
        "key": "body"
      }
    ],
    "executeOnLoad": false,
    "fullyQualifiedName": "addInstitutionJSObject.addInstitution",
    "name": "addInstitution",
    "pageId": "AddNewInstitutionPage",
    "userSetOnLoad": false
  }
}