{
  "gitSyncId": "66e1b24a73f83b5809d9d6b5_deaec789-eaaa-4ac5-8a03-1b3fb9df2d2f",
  "id": "EditProfilePage_getUserJSObject.userData",
  "pluginId": "js-plugin",
  "pluginType": "JS",
  "unpublishedAction": {
    "actionConfiguration": {
      "encodeParamsToggle": true,
      "jsArguments": [],
      "paginationType": "NONE",
      "timeoutInMillisecond": 10000
    },
    "collectionId": "EditProfilePage_getUserJSObject",
    "confirmBeforeExecute": false,
    "datasource": {
      "isAutoGenerated": false,
      "name": "UNUSED_DATASOURCE",
      "pluginId": "js-plugin"
    },
    "dynamicBindingPathList": [
      {
        "key": "body"
      }
    ],
    "executeOnLoad": true,
    "fullyQualifiedName": "getUserJSObject.userData",
    "name": "userData",
    "pageId": "EditProfilePage",
    "userSetOnLoad": false
  }
}