{
  "animateLoading": true,
  "borderRadius": "0.375rem",
  "bottomRow": 37,
  "boxShadow": "none",
  "buttonColor": "#ffc404",
  "buttonVariant": "PRIMARY",
  "disabledWhenInvalid": false,
  "displayName": "Button",
  "dynamicBindingPathList": [
    {
      "key": "text"
    }
  ],
  "dynamicPropertyPathList": [
    {
      "key": "isDisabled"
    },
    {
      "key": "onClick"
    }
  ],
  "dynamicTriggerPathList": [
    {
      "key": "onClick"
    }
  ],
  "hideCard": false,
  "iconSVG": "https://appcdn.appsmith.com/static/media/icon.7beb9123fb53027d9d6b778cdfe4caed.svg",
  "isDefaultClickDisabled": true,
  "isDeprecated": false,
  "isDisabled": "",
  "isLoading": false,
  "isVisible": true,
  "key": "wvi3t76jwl",
  "leftColumn": 24,
  "minWidth": 120,
  "mobileBottomRow": 62,
  "mobileLeftColumn": 18,
  "mobileRightColumn": 34,
  "mobileTopRow": 58,
  "onClick": "{{ChangePasswordJSObject.show_new_fields ? ChangePasswordJSObject.changepassword() : ChangePasswordJSObject.verifyoldpassword()\n}}",
  "originalBottomRow": 37,
  "originalTopRow": 33,
  "parentColumnSpace": 17.064453125,
  "parentId": "9agij1x4a0",
  "parentRowSpace": 10,
  "placement": "CENTER",
  "recaptchaType": "V3",
  "renderMode": "CANVAS",
  "resetFormOnClick": false,
  "responsiveBehavior": "hug",
  "rightColumn": 40,
  "searchTags": [
    "click",
    "submit"
  ],
  "text": "{{ChangePasswordJSObject.show_new_fields? \"Update Password\" : \"Verify Passwod\"}}",
  "topRow": 33,
  "type": "BUTTON_WIDGET",
  "version": 1,
  "widgetId": "kkkums5vyw",
  "widgetName": "Button1Copy1"
}