{
  "accentColor": "{{appsmith.theme.colors.primaryColor}}",
  "animateLoading": true,
  "autoFocus": false,
  "borderRadius": "0.375rem",
  "bottomRow": 10,
  "boxShadow": "none",
  "defaultText": "",
  "displayName": "Input",
  "dynamicBindingPathList": [
    {
      "key": "accentColor"
    },
    {
      "key": "isDisabled"
    }
  ],
  "dynamicHeight": "FIXED",
  "dynamicPropertyPathList": [
    {
      "key": "isDisabled"
    }
  ],
  "dynamicTriggerPathList": [
    {
      "key": "onFocus"
    },
    {
      "key": "onTextChanged"
    }
  ],
  "errorMessage": "",
  "hideCard": false,
  "iconAlign": "left",
  "iconSVG": "/static/media/icon.9f505595da61a34f563dba82adeb06ec.svg",
  "inputType": "PASSWORD",
  "isDeprecated": false,
  "isDisabled": "{{ChangePasswordJSObject.show_new_fields}}",
  "isLoading": false,
  "isRequired": true,
  "isVisible": true,
  "key": "j65kqedbz9",
  "label": "Current Password",
  "labelAlignment": "left",
  "labelPosition": "Top",
  "labelStyle": "BOLD",
  "labelTextColor": "",
  "labelTextSize": "1rem",
  "labelWidth": 5,
  "leftColumn": 6,
  "maxDynamicHeight": 9000,
  "minDynamicHeight": 4,
  "onFocus": "",
  "onTextChanged": "{{ChangePasswordJSObject.removeAlerts('alert_pass');}}",
  "parentColumnSpace": 12.0732421875,
  "parentId": "9agij1x4a0",
  "parentRowSpace": 10,
  "placeholderText": "Enter your password",
  "renderMode": "CANVAS",
  "resetOnSubmit": true,
  "rightColumn": 58,
  "searchTags": [
    "form",
    "text input",
    "number",
    "textarea"
  ],
  "shouldAllowAutofill": true,
  "showStepArrows": false,
  "topRow": 2,
  "type": "INPUT_WIDGET_V2",
  "validation": "",
  "version": 2,
  "widgetId": "0en32b0yk9",
  "widgetName": "inp_old_pass"
}