{
  "gitSyncId": "66f4e75573f83b5809d9de24_16e7a453-7db5-421d-a099-ef9c414bb24e",
  "id": "EditInstitutionPage_updateInstitution",
  "pluginId": "postgres-plugin",
  "pluginType": "DB",
  "unpublishedAction": {
    "actionConfiguration": {
      "body": "UPDATE institutions\nSET \n    image = {{inp_image.model.image ? `${inp_image.model.image}` : NaN }},\n    name = '{{inp_name.text}}',\n    phone_number = '{{inp_phone.text}}',\n    email = '{{inp_email.text}}',\n    address = '{{inp_address.text}}',\n    description = {{inp_about ? `${inp_about.text}` : NaN}},\n    status = 'updated',\n\t\tisschool = {{inp_isschool.isSwitchedOn}}\nWHERE\n    institution_id = {{institutionJSObject.institutionData.data.institution.institution_id}}\nRETURNING *;",
      "encodeParamsToggle": true,
      "paginationType": "NONE",
      "pluginSpecifiedTemplates": [
        {
          "value": true
        }
      ],
      "timeoutInMillisecond": 10000
    },
    "confirmBeforeExecute": false,
    "datasource": {
      "id": "Community Portal Database",
      "isAutoGenerated": false,
      "name": "Community Portal Database",
      "pluginId": "postgres-plugin"
    },
    "dynamicBindingPathList": [
      {
        "key": "body"
      }
    ],
    "executeOnLoad": false,
    "name": "updateInstitution",
    "pageId": "EditInstitutionPage",
    "userSetOnLoad": false
  }
}