{
  "gitSyncId": "670e3e4173f83b5809d9e7c2_084e5c1a-806e-4959-9d3b-57d4f9857798",
  "id": "EditInstitutionPage_updateInstitutionJSObject.updateInstitution",
  "pluginId": "js-plugin",
  "pluginType": "JS",
  "unpublishedAction": {
    "actionConfiguration": {
      "encodeParamsToggle": true,
      "jsArguments": [],
      "paginationType": "NONE",
      "timeoutInMillisecond": 10000
    },
    "collectionId": "EditInstitutionPage_updateInstitutionJSObject",
    "confirmBeforeExecute": false,
    "datasource": {
      "isAutoGenerated": false,
      "name": "UNUSED_DATASOURCE",
      "pluginId": "js-plugin"
    },
    "dynamicBindingPathList": [
      {
        "key": "body"
      }
    ],
    "executeOnLoad": false,
    "fullyQualifiedName": "updateInstitutionJSObject.updateInstitution",
    "name": "updateInstitution",
    "pageId": "EditInstitutionPage",
    "userSetOnLoad": false
  }
}