{
  "gitSyncId": "6715e2bb73f83b5809d9ebd1_945582fb-4a7e-4810-a035-4a1c2f542015",
  "id": "AfterActivationLinkLandingPage_LoginJSObject.verifyHash",
  "pluginId": "js-plugin",
  "pluginType": "JS",
  "unpublishedAction": {
    "actionConfiguration": {
      "encodeParamsToggle": true,
      "jsArguments": [
        {
          "name": "password"
        },
        {
          "name": "hash"
        }
      ],
      "paginationType": "NONE",
      "timeoutInMillisecond": 10000
    },
    "collectionId": "AfterActivationLinkLandingPage_LoginJSObject",
    "confirmBeforeExecute": false,
    "datasource": {
      "isAutoGenerated": false,
      "name": "UNUSED_DATASOURCE",
      "pluginId": "js-plugin"
    },
    "dynamicBindingPathList": [
      {
        "key": "body"
      }
    ],
    "executeOnLoad": false,
    "fullyQualifiedName": "LoginJSObject.verifyHash",
    "name": "verifyHash",
    "pageId": "AfterActivationLinkLandingPage",
    "userSetOnLoad": false
  }
}