{
  "gitSyncId": "66ebb00d73f83b5809d9d9a4_b0ed765e-f9e8-44e6-8d40-7aa13dae9cb1",
  "id": "EditMemberProfilePage_addInstitution",
  "pluginId": "postgres-plugin",
  "pluginType": "DB",
  "unpublishedAction": {
    "actionConfiguration": {
      "body": "INSERT INTO institutions (name, isschool) values ({{this.params.institution_name.replace(new RegExp(\"'\", \"gm\"), \"''\")}}, {{this.params.isSchool}}) RETURNING institution_id;",
      "encodeParamsToggle": true,
      "paginationType": "NONE",
      "pluginSpecifiedTemplates": [
        {
          "value": true
        }
      ],
      "timeoutInMillisecond": 10000
    },
    "confirmBeforeExecute": false,
    "datasource": {
      "id": "Community Portal Database",
      "isAutoGenerated": false,
      "name": "Community Portal Database",
      "pluginId": "postgres-plugin"
    },
    "dynamicBindingPathList": [
      {
        "key": "body"
      }
    ],
    "executeOnLoad": false,
    "name": "addInstitution",
    "pageId": "EditMemberProfilePage",
    "userSetOnLoad": false
  }
}