{
  "gitSyncId": "66ebb00d73f83b5809d9d9a4_175a627e-40ec-466b-9b42-89a92f33a82b",
  "id": "EditMemberProfilePage_getWorkexsJSObject.workexData",
  "pluginId": "js-plugin",
  "pluginType": "JS",
  "unpublishedAction": {
    "actionConfiguration": {
      "encodeParamsToggle": true,
      "jsArguments": [],
      "paginationType": "NONE",
      "timeoutInMillisecond": 10000
    },
    "collectionId": "EditMemberProfilePage_getWorkexsJSObject",
    "confirmBeforeExecute": false,
    "datasource": {
      "isAutoGenerated": false,
      "name": "UNUSED_DATASOURCE",
      "pluginId": "js-plugin"
    },
    "dynamicBindingPathList": [
      {
        "key": "body"
      }
    ],
    "executeOnLoad": true,
    "fullyQualifiedName": "getWorkexsJSObject.workexData",
    "name": "workexData",
    "pageId": "EditMemberProfilePage",
    "userSetOnLoad": false
  }
}