{
  "gitSyncId": "66f4e75573f83b5809d9de24_5daa0c32-ddc0-4c2a-8f78-877176197f56",
  "id": "ConnectionRequestsPage_fetchConnectionRequests",
  "pluginId": "postgres-plugin",
  "pluginType": "DB",
  "unpublishedAction": {
    "actionConfiguration": {
      "body": "SELECT * FROM connection_requests where status = 'pending';",
      "encodeParamsToggle": true,
      "paginationType": "NONE",
      "pluginSpecifiedTemplates": [
        {
          "value": true
        }
      ],
      "timeoutInMillisecond": 10000
    },
    "confirmBeforeExecute": false,
    "datasource": {
      "id": "Community Portal Database",
      "isAutoGenerated": false,
      "name": "Community Portal Database",
      "pluginId": "postgres-plugin"
    },
    "dynamicBindingPathList": [],
    "executeOnLoad": true,
    "name": "fetchConnectionRequests",
    "pageId": "ConnectionRequestsPage",
    "userSetOnLoad": false
  }
}