{
  "gitSyncId": "66e1b24a73f83b5809d9d6b5_41b4a2c8-9c71-42d3-b406-96475137be17",
  "id": "EditProfilePage_getEducationsJSObject.educationData",
  "pluginId": "js-plugin",
  "pluginType": "JS",
  "unpublishedAction": {
    "actionConfiguration": {
      "encodeParamsToggle": true,
      "jsArguments": [],
      "paginationType": "NONE",
      "timeoutInMillisecond": 10000
    },
    "collectionId": "EditProfilePage_getEducationsJSObject",
    "confirmBeforeExecute": false,
    "datasource": {
      "isAutoGenerated": false,
      "name": "UNUSED_DATASOURCE",
      "pluginId": "js-plugin"
    },
    "dynamicBindingPathList": [
      {
        "key": "body"
      }
    ],
    "executeOnLoad": true,
    "fullyQualifiedName": "getEducationsJSObject.educationData",
    "name": "educationData",
    "pageId": "EditProfilePage",
    "userSetOnLoad": false
  }
}