{
  "gitSyncId": "66ebb00d73f83b5809d9d9a4_24307e2e-3bee-4a36-9717-7724cad72955",
  "id": "EditProfilePage_fetchInstitutions",
  "pluginId": "postgres-plugin",
  "pluginType": "DB",
  "unpublishedAction": {
    "actionConfiguration": {
      "body": "SELECT institution_id, name, isschool FROM institutions;",
      "encodeParamsToggle": true,
      "paginationType": "NONE",
      "pluginSpecifiedTemplates": [
        {
          "value": true
        }
      ],
      "timeoutInMillisecond": 10000
    },
    "confirmBeforeExecute": false,
    "datasource": {
      "id": "Community Portal Database",
      "isAutoGenerated": false,
      "name": "Community Portal Database",
      "pluginId": "postgres-plugin"
    },
    "dynamicBindingPathList": [],
    "executeOnLoad": true,
    "name": "fetchInstitutions",
    "pageId": "EditProfilePage",
    "userSetOnLoad": false
  }
}