{
  "gitSyncId": "66f4e75573f83b5809d9de24_17a05158-e0f1-4c15-bbaa-96c35eb09f17",
  "id": "ConnectionRequestsPage_fetchUser",
  "pluginId": "postgres-plugin",
  "pluginType": "DB",
  "unpublishedAction": {
    "actionConfiguration": {
      "body": "SELECT * FROM profiles where profile_id = {{this.params.profile_id}};",
      "encodeParamsToggle": true,
      "paginationType": "NONE",
      "pluginSpecifiedTemplates": [
        {
          "value": true
        }
      ],
      "timeoutInMillisecond": 10000
    },
    "confirmBeforeExecute": false,
    "datasource": {
      "id": "Community Portal Database",
      "isAutoGenerated": false,
      "name": "Community Portal Database",
      "pluginId": "postgres-plugin"
    },
    "dynamicBindingPathList": [
      {
        "key": "body"
      }
    ],
    "executeOnLoad": true,
    "name": "fetchUser",
    "pageId": "ConnectionRequestsPage",
    "userSetOnLoad": false
  }
}