{
  "gitSyncId": "670e3e4173f83b5809d9e7c2_6494fa46-3c82-443c-aec5-ba3ec758a4e0",
  "id": "EditInstitutionPage_updateInstitutionJSObject.removeAlerts",
  "pluginId": "js-plugin",
  "pluginType": "JS",
  "unpublishedAction": {
    "actionConfiguration": {
      "encodeParamsToggle": true,
      "jsArguments": [],
      "paginationType": "NONE",
      "timeoutInMillisecond": 10000
    },
    "collectionId": "EditInstitutionPage_updateInstitutionJSObject",
    "confirmBeforeExecute": false,
    "datasource": {
      "isAutoGenerated": false,
      "name": "UNUSED_DATASOURCE",
      "pluginId": "js-plugin"
    },
    "dynamicBindingPathList": [
      {
        "key": "body"
      }
    ],
    "executeOnLoad": false,
    "fullyQualifiedName": "updateInstitutionJSObject.removeAlerts",
    "name": "removeAlerts",
    "pageId": "EditInstitutionPage",
    "userSetOnLoad": false
  }
}