{
  "gitSyncId": "670e3e4173f83b5809d9e7c2_0c25c9e5-9857-4838-a5d9-35332ebbcea4",
  "id": "AddMemberPage_submitRequest.verifyHash",
  "pluginId": "js-plugin",
  "pluginType": "JS",
  "unpublishedAction": {
    "actionConfiguration": {
      "encodeParamsToggle": true,
      "jsArguments": [
        {
          "name": "password"
        },
        {
          "name": "hash"
        }
      ],
      "paginationType": "NONE",
      "timeoutInMillisecond": 10000
    },
    "collectionId": "AddMemberPage_submitRequest",
    "confirmBeforeExecute": false,
    "datasource": {
      "isAutoGenerated": false,
      "name": "UNUSED_DATASOURCE",
      "pluginId": "js-plugin"
    },
    "dynamicBindingPathList": [
      {
        "key": "body"
      }
    ],
    "executeOnLoad": false,
    "fullyQualifiedName": "submitRequest.verifyHash",
    "name": "verifyHash",
    "pageId": "AddMemberPage",
    "userSetOnLoad": false
  }
}