{
  "gitSyncId": "67036dee73f83b5809d9e299_ccd33e40-2dfb-4939-a570-d1d8c4645c33",
  "id": "EditOrganizationPage_organizationJSObject.organizationData",
  "pluginId": "js-plugin",
  "pluginType": "JS",
  "unpublishedAction": {
    "actionConfiguration": {
      "encodeParamsToggle": true,
      "jsArguments": [],
      "paginationType": "NONE",
      "timeoutInMillisecond": 10000
    },
    "collectionId": "EditOrganizationPage_organizationJSObject",
    "confirmBeforeExecute": false,
    "datasource": {
      "isAutoGenerated": false,
      "name": "UNUSED_DATASOURCE",
      "pluginId": "js-plugin"
    },
    "dynamicBindingPathList": [
      {
        "key": "body"
      }
    ],
    "executeOnLoad": true,
    "fullyQualifiedName": "organizationJSObject.organizationData",
    "name": "organizationData",
    "pageId": "EditOrganizationPage",
    "userSetOnLoad": false
  }
}