{
  "gitSyncId": "66f4e75573f83b5809d9de24_beae944a-657b-4a16-9c60-3af5deddb6dc",
  "id": "ConnectionRequestsPage_approveRequest",
  "pluginId": "postgres-plugin",
  "pluginType": "DB",
  "unpublishedAction": {
    "actionConfiguration": {
      "body": "UPDATE connection_requests\nSET status = 'accepted'\nWHERE id = {{this.params.id}};",
      "encodeParamsToggle": true,
      "paginationType": "NONE",
      "pluginSpecifiedTemplates": [
        {
          "value": true
        }
      ],
      "timeoutInMillisecond": 10000
    },
    "confirmBeforeExecute": false,
    "datasource": {
      "id": "Community Portal Database",
      "isAutoGenerated": false,
      "name": "Community Portal Database",
      "pluginId": "postgres-plugin"
    },
    "dynamicBindingPathList": [
      {
        "key": "body"
      }
    ],
    "executeOnLoad": false,
    "name": "approveRequest",
    "pageId": "ConnectionRequestsPage",
    "userSetOnLoad": false
  }
}