{
  "gitSyncId": "66ebb00d73f83b5809d9d9a4_a8b112b8-0311-480f-a46d-6718db0cdeca",
  "id": "EditProfilePage_fetchNewOrganization",
  "pluginId": "postgres-plugin",
  "pluginType": "DB",
  "unpublishedAction": {
    "actionConfiguration": {
      "body": "SELECT * FROM organizations where name = {{this.params.organization_name}};",
      "encodeParamsToggle": true,
      "paginationType": "NONE",
      "pluginSpecifiedTemplates": [
        {
          "value": true
        }
      ],
      "timeoutInMillisecond": 10000
    },
    "confirmBeforeExecute": false,
    "datasource": {
      "id": "Community Portal Database",
      "isAutoGenerated": false,
      "name": "Community Portal Database",
      "pluginId": "postgres-plugin"
    },
    "dynamicBindingPathList": [
      {
        "key": "body"
      }
    ],
    "executeOnLoad": false,
    "name": "fetchNewOrganization",
    "pageId": "EditProfilePage",
    "userSetOnLoad": false
  }
}