{
  "animateLoading": true,
  "borderRadius": "0.375rem",
  "bottomRow": 5,
  "boxShadow": "none",
  "buttonColor": "#231f20",
  "buttonVariant": "TERTIARY",
  "disabledWhenInvalid": false,
  "displayName": "Button",
  "dynamicBindingPathList": [],
  "dynamicTriggerPathList": [
    {
      "key": "onClick"
    }
  ],
  "hideCard": false,
  "iconSVG": "https://appcdn.appsmith.com/static/media/icon.7beb9123fb53027d9d6b778cdfe4caed.svg",
  "isDefaultClickDisabled": true,
  "isDeprecated": false,
  "isDisabled": false,
  "isLoading": false,
  "isVisible": false,
  "key": "wvi3t76jwl",
  "leftColumn": 27,
  "minWidth": 120,
  "mobileBottomRow": 62,
  "mobileLeftColumn": 18,
  "mobileRightColumn": 34,
  "mobileTopRow": 58,
  "onClick": "{{navigateTo('SchoolCollegePage', {}, 'SAME_WINDOW');}}",
  "parentColumnSpace": 17.064453125,
  "parentId": "z7j11gh26v",
  "parentRowSpace": 10,
  "placement": "CENTER",
  "recaptchaType": "V3",
  "renderMode": "CANVAS",
  "resetFormOnClick": false,
  "responsiveBehavior": "hug",
  "rightColumn": 34,
  "searchTags": [
    "click",
    "submit"
  ],
  "text": "School/Colleges",
  "topRow": 1,
  "type": "BUTTON_WIDGET",
  "version": 1,
  "widgetId": "lyihvdtlnw",
  "widgetName": "Button1"
}