{
  "animateLoading": true,
  "borderRadius": "{{appsmith.theme.borderRadius.appBorderRadius}}",
  "bottomRow": 5,
  "displayName": "Text",
  "dynamicBindingPathList": [
    {
      "key": "truncateButtonColor"
    },
    {
      "key": "borderRadius"
    }
  ],
  "dynamicHeight": "FIXED",
  "dynamicTriggerPathList": [],
  "fontFamily": "Inter",
  "fontSize": "1.25rem",
  "fontStyle": "BOLD",
  "hideCard": false,
  "iconSVG": "/static/media/icon.97c59b523e6f70ba6f40a10fc2c7c5b5.svg",
  "isDeprecated": false,
  "isLoading": false,
  "isVisible": true,
  "key": "lpp3worjsh",
  "leftColumn": 3,
  "maxDynamicHeight": 9000,
  "minDynamicHeight": 4,
  "overflow": "NONE",
  "parentColumnSpace": 19.8125,
  "parentId": "z7j11gh26v",
  "parentRowSpace": 10,
  "renderMode": "CANVAS",
  "rightColumn": 14,
  "searchTags": [
    "typography",
    "paragraph",
    "label"
  ],
  "shouldTruncate": false,
  "text": "Community Portal",
  "textAlign": "LEFT",
  "textColor": "#231f20",
  "topRow": 1,
  "truncateButtonColor": "{{appsmith.theme.colors.primaryColor}}",
  "type": "TEXT_WIDGET",
  "version": 1,
  "widgetId": "xxn5glhctd",
  "widgetName": "Text40Copy1"
}