{
  "gitSyncId": "66ebb00d73f83b5809d9d9a4_65b77744-ba60-4290-bd71-6afaba921c3a",
  "id": "EditMemberProfilePage_getInstisAndOrgsJSObject.instiAndOrgData",
  "pluginId": "js-plugin",
  "pluginType": "JS",
  "unpublishedAction": {
    "actionConfiguration": {
      "encodeParamsToggle": true,
      "jsArguments": [],
      "paginationType": "NONE",
      "timeoutInMillisecond": 10000
    },
    "collectionId": "EditMemberProfilePage_getInstisAndOrgsJSObject",
    "confirmBeforeExecute": false,
    "datasource": {
      "isAutoGenerated": false,
      "name": "UNUSED_DATASOURCE",
      "pluginId": "js-plugin"
    },
    "dynamicBindingPathList": [
      {
        "key": "body"
      }
    ],
    "executeOnLoad": true,
    "fullyQualifiedName": "getInstisAndOrgsJSObject.instiAndOrgData",
    "name": "instiAndOrgData",
    "pageId": "EditMemberProfilePage",
    "userSetOnLoad": false
  }
}