{
  "gitSyncId": "67036dee73f83b5809d9e299_ff4bb308-0661-4273-94e8-8e8405cbd682",
  "id": "FindMyConnectPage_fetch_schools",
  "pluginId": "postgres-plugin",
  "pluginType": "DB",
  "unpublishedAction": {
    "actionConfiguration": {
      "body": "SELECT name, institution_id from institutions where isschool = TRUE;",
      "encodeParamsToggle": true,
      "paginationType": "NONE",
      "pluginSpecifiedTemplates": [
        {
          "value": true
        }
      ],
      "timeoutInMillisecond": 10000
    },
    "confirmBeforeExecute": false,
    "datasource": {
      "id": "Community Portal Database",
      "isAutoGenerated": false,
      "name": "Community Portal Database",
      "pluginId": "postgres-plugin"
    },
    "dynamicBindingPathList": [],
    "executeOnLoad": true,
    "name": "fetch_schools",
    "pageId": "FindMyConnectPage",
    "userSetOnLoad": false
  }
}