{
  "gitSyncId": "670e3e4173f83b5809d9e7c2_57e44854-ac1b-458c-87fe-1c2593c5d535",
  "id": "AddMemberPage_submitRequest.createHash",
  "pluginId": "js-plugin",
  "pluginType": "JS",
  "unpublishedAction": {
    "actionConfiguration": {
      "encodeParamsToggle": true,
      "jsArguments": [
        {
          "name": "password"
        }
      ],
      "paginationType": "NONE",
      "timeoutInMillisecond": 10000
    },
    "collectionId": "AddMemberPage_submitRequest",
    "confirmBeforeExecute": false,
    "datasource": {
      "isAutoGenerated": false,
      "name": "UNUSED_DATASOURCE",
      "pluginId": "js-plugin"
    },
    "dynamicBindingPathList": [
      {
        "key": "body"
      }
    ],
    "executeOnLoad": false,
    "fullyQualifiedName": "submitRequest.createHash",
    "name": "createHash",
    "pageId": "AddMemberPage",
    "userSetOnLoad": false
  }
}