{
  "gitSyncId": "67036dee73f83b5809d9e299_f1eaa309-4b82-4bb3-8e3e-c550fad7fe46",
  "unpublishedPage": {
    "isHidden": false,
    "layouts": [
      {
        "dsl": {
          "backgroundColor": "none",
          "bottomRow": 670,
          "canExtend": true,
          "containerStyle": "none",
          "detachFromLayout": true,
          "dynamicBindingPathList": [],
          "dynamicTriggerPathList": [],
          "leftColumn": 0,
          "minHeight": 850,
          "parentColumnSpace": 1,
          "parentRowSpace": 1,
          "rightColumn": 1160,
          "snapColumns": 64,
          "snapRows": 104,
          "topRow": 0,
          "type": "CANVAS_WIDGET",
          "version": 89,
          "widgetId": "0",
          "widgetName": "MainContainer"
        }
      }
    ],
    "name": "ComapniesPage",
    "slug": "comapniespage"
  }
}