{
  "gitSyncId": "66ebb00d73f83b5809d9d9a4_10f459be-e7d5-4a9c-b7a6-e3f5c21dbf43",
  "id": "EditProfilePage_updateUserDetails",
  "pluginId": "postgres-plugin",
  "pluginType": "DB",
  "unpublishedAction": {
    "actionConfiguration": {
      "body": "UPDATE profiles\nSET       \n    profile_name = {{inp_name.text}},                      \n    profile_image = {{inp_image.model.image ? `${inp_image.model.image}`: NaN}}, \n    tagline = {{inp_tagline.text}},\n    public_contact_info = {{inp_contact_info.text}},\n    phone_number = {{inp_phone.text}},            \n    email = {{inp_email.text}}, \n    gender = {{inp_gender.selectedOptionValue}},\n    birth_date = {{inp_dob.selectedDate ? `'${inp_dob.selectedDate}'` : NaN }},\n    location = {{inp_location.text}},                  \n    about = {{inp_about ? inp_about.text : NaN}}          \nWHERE profile_id = {{appsmith.store.user.profile_id}};",
      "encodeParamsToggle": true,
      "paginationType": "NONE",
      "pluginSpecifiedTemplates": [
        {
          "value": true
        }
      ],
      "timeoutInMillisecond": 10000
    },
    "confirmBeforeExecute": false,
    "datasource": {
      "id": "Community Portal Database",
      "isAutoGenerated": false,
      "name": "Community Portal Database",
      "pluginId": "postgres-plugin"
    },
    "dynamicBindingPathList": [
      {
        "key": "body"
      }
    ],
    "executeOnLoad": false,
    "name": "updateUserDetails",
    "pageId": "EditProfilePage",
    "userSetOnLoad": false
  }
}