{
  "animateLoading": true,
  "borderRadius": "{{appsmith.theme.borderRadius.appBorderRadius}}",
  "bottomRow": 22,
  "boxShadow": "0 1px 3px 0 rgba(0, 0, 0, 0.1), 0 1px 2px 0 rgba(0, 0, 0, 0.06)",
  "buttonColor": "#7313e8",
  "buttonVariant": "TERTIARY",
  "disabledWhenInvalid": false,
  "dynamicBindingPathList": [
    {
      "key": "borderRadius"
    }
  ],
  "dynamicTriggerPathList": [
    {
      "key": "onClick"
    }
  ],
  "isDefaultClickDisabled": true,
  "isDisabled": false,
  "isLoading": false,
  "isVisible": true,
  "key": "7jow27hrgi",
  "leftColumn": 0,
  "minWidth": 120,
  "mobileBottomRow": 5,
  "mobileLeftColumn": 0,
  "mobileRightColumn": 16,
  "mobileTopRow": 1,
  "needsErrorInfo": false,
  "onClick": "{{navigateTo('InstiOrgReviewPage', {}, 'SAME_WINDOW');}}",
  "parentColumnSpace": 18.26171875,
  "parentId": "lp8y91gj4x",
  "parentRowSpace": 10,
  "placement": "START",
  "recaptchaType": "V3",
  "renderMode": "CANVAS",
  "resetFormOnClick": false,
  "responsiveBehavior": "hug",
  "rightColumn": 64,
  "text": "Institutions and Organizations Review",
  "topRow": 17,
  "type": "BUTTON_WIDGET",
  "version": 1,
  "widgetId": "r7jq6glwo5",
  "widgetName": "Button5CopyCopyCopy"
}