{
  "gitSyncId": "66ebb00d73f83b5809d9d9a4_dfd9a944-06b8-4d1c-98ce-2bfd9e01fdf3",
  "id": "EditMemberProfilePage_fetchRoles",
  "pluginId": "postgres-plugin",
  "pluginType": "DB",
  "unpublishedAction": {
    "actionConfiguration": {
      "body": "SELECT * FROM roles;",
      "encodeParamsToggle": true,
      "paginationType": "NONE",
      "pluginSpecifiedTemplates": [
        {
          "value": true
        }
      ],
      "timeoutInMillisecond": 10000
    },
    "confirmBeforeExecute": false,
    "datasource": {
      "id": "Community Portal Database",
      "isAutoGenerated": false,
      "name": "Community Portal Database",
      "pluginId": "postgres-plugin"
    },
    "dynamicBindingPathList": [],
    "executeOnLoad": true,
    "name": "fetchRoles",
    "pageId": "EditMemberProfilePage",
    "userSetOnLoad": false
  }
}