{
  "gitSyncId": "6715e2bb73f83b5809d9ebd1_8981e75f-2727-49e9-b6c1-cca79639e87d",
  "id": "AfterActivationLinkLandingPage_getUser",
  "pluginId": "postgres-plugin",
  "pluginType": "DB",
  "unpublishedAction": {
    "actionConfiguration": {
      "body": "SELECT * FROM PROFILES where email = {{appsmith.URL.queryParams.email}};",
      "encodeParamsToggle": true,
      "paginationType": "NONE",
      "pluginSpecifiedTemplates": [
        {
          "value": true
        }
      ],
      "timeoutInMillisecond": 10000
    },
    "confirmBeforeExecute": false,
    "datasource": {
      "id": "Community Portal Database",
      "isAutoGenerated": false,
      "name": "Community Portal Database",
      "pluginId": "postgres-plugin"
    },
    "dynamicBindingPathList": [
      {
        "key": "body"
      }
    ],
    "executeOnLoad": true,
    "name": "getUser",
    "pageId": "AfterActivationLinkLandingPage",
    "userSetOnLoad": false
  }
}