{
  "gitSyncId": "66e1b24a73f83b5809d9d6b5_51a93200-dfe0-41d1-a741-6d4649c18d5e",
  "id": "EditProfilePage_deleteEducations",
  "pluginId": "postgres-plugin",
  "pluginType": "DB",
  "unpublishedAction": {
    "actionConfiguration": {
      "body": "DELETE FROM education_details\nWHERE profile_id = {{appsmith.store.user.profile_id}};",
      "encodeParamsToggle": true,
      "paginationType": "NONE",
      "pluginSpecifiedTemplates": [
        {
          "value": true
        }
      ],
      "timeoutInMillisecond": 10000
    },
    "confirmBeforeExecute": false,
    "datasource": {
      "id": "Community Portal Database",
      "isAutoGenerated": false,
      "name": "Community Portal Database",
      "pluginId": "postgres-plugin"
    },
    "dynamicBindingPathList": [
      {
        "key": "body"
      }
    ],
    "executeOnLoad": false,
    "name": "deleteEducations",
    "pageId": "EditProfilePage",
    "userSetOnLoad": false
  }
}