{
  "gitSyncId": "670e3e4173f83b5809d9e7c2_80fcc187-1842-4be9-9e51-42005a7b615a",
  "id": "ChangePasswordPage_updatePassword",
  "pluginId": "postgres-plugin",
  "pluginType": "DB",
  "unpublishedAction": {
    "actionConfiguration": {
      "body": "UPDATE profiles set password_hash = '{{ChangePasswordJSObject.createHash(inp_new_pass.text.trim())}}' where profile_id = {{appsmith.store.user.profile_id}};",
      "encodeParamsToggle": true,
      "paginationType": "NONE",
      "pluginSpecifiedTemplates": [
        {
          "value": true
        }
      ],
      "timeoutInMillisecond": 10000
    },
    "confirmBeforeExecute": false,
    "datasource": {
      "id": "Community Portal Database",
      "isAutoGenerated": false,
      "name": "Community Portal Database",
      "pluginId": "postgres-plugin"
    },
    "dynamicBindingPathList": [
      {
        "key": "body"
      }
    ],
    "executeOnLoad": false,
    "name": "updatePassword",
    "pageId": "ChangePasswordPage",
    "userSetOnLoad": false
  }
}