{
  "gitSyncId": "670e3e4173f83b5809d9e7c2_00e4bef7-f767-428e-b0df-30ab7d6e2190",
  "id": "AddMemberPage_submitRequest.removeAlerts",
  "pluginId": "js-plugin",
  "pluginType": "JS",
  "unpublishedAction": {
    "actionConfiguration": {
      "encodeParamsToggle": true,
      "jsArguments": [
        {
          "name": "alert_name"
        }
      ],
      "paginationType": "NONE",
      "timeoutInMillisecond": 10000
    },
    "collectionId": "AddMemberPage_submitRequest",
    "confirmBeforeExecute": false,
    "datasource": {
      "isAutoGenerated": false,
      "name": "UNUSED_DATASOURCE",
      "pluginId": "js-plugin"
    },
    "dynamicBindingPathList": [
      {
        "key": "body"
      }
    ],
    "executeOnLoad": false,
    "fullyQualifiedName": "submitRequest.removeAlerts",
    "name": "removeAlerts",
    "pageId": "AddMemberPage",
    "userSetOnLoad": false
  }
}