{
  "gitSyncId": "6715e2bb73f83b5809d9ebd1_c4e1da72-e6e2-4ba2-ae9d-ec0897c1bc94",
  "id": "AfterActivationLinkLandingPage_credentialsJSObject.credentials",
  "pluginId": "js-plugin",
  "pluginType": "JS",
  "unpublishedAction": {
    "actionConfiguration": {
      "encodeParamsToggle": true,
      "jsArguments": [],
      "paginationType": "NONE",
      "timeoutInMillisecond": 10000
    },
    "collectionId": "AfterActivationLinkLandingPage_credentialsJSObject",
    "confirmBeforeExecute": false,
    "datasource": {
      "isAutoGenerated": false,
      "name": "UNUSED_DATASOURCE",
      "pluginId": "js-plugin"
    },
    "dynamicBindingPathList": [
      {
        "key": "body"
      }
    ],
    "executeOnLoad": false,
    "fullyQualifiedName": "credentialsJSObject.credentials",
    "name": "credentials",
    "pageId": "AfterActivationLinkLandingPage",
    "userSetOnLoad": false
  }
}