{
  "animateLoading": true,
  "borderRadius": "{{appsmith.theme.borderRadius.appBorderRadius}}",
  "bottomRow": 19,
  "boxShadow": "none",
  "buttonColor": "{{appsmith.theme.colors.primaryColor}}",
  "buttonStyle": "PRIMARY",
  "buttonVariant": "SECONDARY",
  "disabledWhenInvalid": false,
  "displayName": "Button",
  "dynamicBindingPathList": [
    {
      "key": "buttonColor"
    },
    {
      "key": "borderRadius"
    }
  ],
  "dynamicTriggerPathList": [
    {
      "key": "onClick"
    }
  ],
  "hideCard": false,
  "iconSVG": "/static/media/icon.7a418b9e1899a550d7e8f33b48cbde12.svg",
  "isDefaultClickDisabled": true,
  "isDeprecated": false,
  "isDisabled": false,
  "isLoading": false,
  "isVisible": true,
  "key": "q1b4pc8kfp",
  "leftColumn": 45,
  "minWidth": 120,
  "mobileBottomRow": 22,
  "mobileLeftColumn": 31,
  "mobileRightColumn": 47,
  "mobileTopRow": 18,
  "needsErrorInfo": false,
  "onCanvasUI": {
    "disableParentSelection": false,
    "focusBGCSSVar": "--on-canvas-ui-widget-focus",
    "focusColorCSSVar": "--on-canvas-ui-widget-selection",
    "selectionBGCSSVar": "--on-canvas-ui-widget-selection",
    "selectionColorCSSVar": "--on-canvas-ui-widget-focus"
  },
  "onClick": "{{navigateTo('LandingPage', {}, 'SAME_WINDOW');}}",
  "originalBottomRow": 19,
  "originalTopRow": 15,
  "parentId": "dcrj2bgekn",
  "placement": "CENTER",
  "recaptchaType": "V3",
  "renderMode": "CANVAS",
  "resetFormOnClick": false,
  "responsiveBehavior": "hug",
  "rightColumn": 61,
  "searchTags": [
    "click",
    "submit"
  ],
  "tags": [
    "Buttons"
  ],
  "text": "Ok",
  "thumbnailSVG": "/static/media/thumbnail.a348658e996feaad96cadc30d99374ff.svg",
  "topRow": 15,
  "type": "BUTTON_WIDGET",
  "version": 1,
  "widgetId": "3c8db76ahi",
  "widgetName": "Button4"
}